,Sentence #,Word,Tag,Dictionary
0,Sentence: 1,นาย,O,front_person
1,Sentence: 1,ปองพล,per,NO
2,Sentence: 1,อดิเรกสาร,O,NO
3,Sentence: 1,รัฐมนตรีว่าการ,O,NO
4,Sentence: 1,กระทรวง,O,front_org
5,Sentence: 1,เกษตร,org_start,NO
6,Sentence: 1,และ,org_cont,location_name
7,Sentence: 1,สหกรณ์,org_end,front_org
8,Sentence: 1,และ,O,location_name
9,Sentence: 1,เลขาธิการ,O,NO
10,Sentence: 1,พรรค,O,NO
11,Sentence: 1,ชาติไทย,org,NO
12,Sentence: 1,"
ได้",O,NO
13,Sentence: 1,เปิด,O,NO
14,Sentence: 1,แถลงข่าว,O,NO
15,Sentence: 1,อย่าง,O,NO
16,Sentence: 1,เป็น,O,NO
17,Sentence: 1,ทางการ,O,NO
18,Sentence: 1,ต่อ,O,NO
19,Sentence: 1,กระแส,O,NO
20,Sentence: 1,ข่าว,O,NO
21,Sentence: 1,จะ,O,NO
22,Sentence: 1,ถูก,O,NO
23,Sentence: 1,ปรับ,O,NO
24,Sentence: 1,ออก,O,NO
25,Sentence: 1,จาก,O,NO
26,Sentence: 1,ตำแหน่ง,O,NO
27,Sentence: 1,รมว.,O,NO
28,Sentence: 1,เกษตร,org_start,NO
29,Sentence: 1,ฯ,org_end,NO
30,Sentence: 1,"
ว่า",O,NO
31,Sentence: 1,ยัง,O,NO
32,Sentence: 1,ไม่,O,NO
33,Sentence: 1,ได้,O,NO
34,Sentence: 1,รับ,O,NO
35,Sentence: 1,ทราบ,O,NO
36,Sentence: 1,อย่าง,O,NO
37,Sentence: 1,เป็น,O,NO
38,Sentence: 1,ทางการ,O,NO
39,Sentence: 1,"
""",O,NO
40,Sentence: 1,ผม,O,NO
41,Sentence: 1,ก็,O,NO
42,Sentence: 1,เคย,O,NO
43,Sentence: 1,บอก,O,NO
44,Sentence: 1,แล้ว,O,NO
45,Sentence: 1,ว่า,O,NO
46,Sentence: 1,ไม่,O,NO
47,Sentence: 1,เคย,O,NO
48,Sentence: 1,เข้า,O,NO
49,Sentence: 1,บ่อน,O,front_org
50,Sentence: 1,ไม่,O,NO
51,Sentence: 1,เคย,O,NO
52,Sentence: 1,เข้า,O,NO
53,Sentence: 1,กาสิโน,O,NO
54,Sentence: 1,"
และ",O,NO
55,Sentence: 1,ไม่,O,NO
56,Sentence: 1,มี,O,NO
57,Sentence: 1,ญาติ,O,NO
58,Sentence: 1,พี่น้อง,O,NO
59,Sentence: 1,อยู่,O,NO
60,Sentence: 1,ใน,O,NO
61,Sentence: 1,บ่อน,O,front_org
62,Sentence: 1,ด้วย,O,NO
63,Sentence: 1,"""",O,NO
64,Sentence: 1,นาย,O,front_person
65,Sentence: 1,ปองพล,per,NO
66,Sentence: 1,กล่าว,O,NO
67,Sentence: 1,"
นาย",O,NO
68,Sentence: 1,ปองพล,O,NO
69,Sentence: 1,ย้ำ,O,NO
70,Sentence: 1,ว่า,O,NO
71,Sentence: 1,การ,O,front_org
72,Sentence: 1,เดินทาง,O,NO
73,Sentence: 1,ไป,O,NO
74,Sentence: 1,ต่าง,O,NO
75,Sentence: 1,ประเทศ,O,NO
76,Sentence: 1,ครั้ง,O,NO
77,Sentence: 1,นี้,O,NO
78,Sentence: 1,ไม่,O,NO
79,Sentence: 1,ได้,O,NO
80,Sentence: 1,ไปเที่ยว,O,NO
81,Sentence: 1,แต่,O,NO
82,Sentence: 1,ไป,O,NO
83,Sentence: 1,ทำงาน,O,NO
84,Sentence: 1,"
และ",O,NO
85,Sentence: 1,ก่อน,O,NO
86,Sentence: 1,เดินทาง,O,NO
87,Sentence: 1,ก็,O,NO
88,Sentence: 1,ได้,O,NO
89,Sentence: 1,ขอ,O,NO
90,Sentence: 1,อนุญาต,O,NO
91,Sentence: 1,นายกรัฐมนตรี,O,NO
92,Sentence: 1,ทุก,O,NO
93,Sentence: 1,ครั้ง,O,NO
94,Sentence: 1,"
อีกทั้ง",O,NO
95,Sentence: 1,ก่อน,O,NO
96,Sentence: 1,เดินทาง,O,NO
97,Sentence: 1,ไป,O,NO
98,Sentence: 1,ก็,O,NO
99,Sentence: 1,ได้,O,NO
100,Sentence: 1,หารือ,O,NO
101,Sentence: 1,กับ,O,NO
102,Sentence: 1,รมว.,O,NO
103,Sentence: 1,ต่าง,org_start,NO
104,Sentence: 1,ประเทศ,org_end,NO
105,Sentence: 1,ด้วย,O,NO
106,Sentence: 1,เพราะ,O,NO
107,Sentence: 1,งาน,O,NO
108,Sentence: 1,ที่,O,NO
109,Sentence: 1,ไป,O,NO
110,Sentence: 1,เป็น,O,NO
111,Sentence: 1,การ,O,front_org
112,Sentence: 1,ไป,O,NO
113,Sentence: 1,ดู,O,NO
114,Sentence: 1,เรื่อง,O,NO
115,Sentence: 1,การ,O,front_org
116,Sentence: 1,ประมง,O,NO
117,Sentence: 1,"
นาย",O,NO
118,Sentence: 1,ปองพล,O,NO
119,Sentence: 1,กล่าว,O,NO
120,Sentence: 1,ต่อไป,O,NO
121,Sentence: 1,ว่า,O,NO
122,Sentence: 1,หลังจากที่,O,NO
123,Sentence: 1,ได้,O,NO
124,Sentence: 1,เดินทาง,O,NO
125,Sentence: 1,กลับ,O,NO
126,Sentence: 1,มา,O,NO
127,Sentence: 1,ถึง,O,NO
128,Sentence: 1,แล้ว,O,NO
129,Sentence: 1,ก็,O,NO
130,Sentence: 1,มี,O,NO
131,Sentence: 1,ความ,O,NO
132,Sentence: 1,ตั้งใจ,O,location_name
133,Sentence: 1,ว่า,O,NO
134,Sentence: 1,ภายใน,O,NO
135,Sentence: 1,เย็น,O,NO
136,Sentence: 1,วัน,O,NO
137,Sentence: 1,เดียวกัน,O,NO
138,Sentence: 1,จะ,O,NO
139,Sentence: 1,เข้า,O,NO
140,Sentence: 1,พบ,O,NO
141,Sentence: 1,และ,O,location_name
142,Sentence: 1,หารือ,O,NO
143,Sentence: 1,กับ,O,NO
144,Sentence: 1,หัวหน้า,O,NO
145,Sentence: 1,พรรค,O,NO
146,Sentence: 1,ชาติไทย,org,NO
147,Sentence: 1,"
เลขาธิการ",O,NO
148,Sentence: 1,พรรค,O,NO
149,Sentence: 1,ชาติไทย,org,NO
150,Sentence: 1,กล่าว,O,NO
151,Sentence: 1,"
สำหรับ",O,NO
152,Sentence: 1,การ,O,front_org
153,Sentence: 1,ปรับ,O,NO
154,Sentence: 1,ครม.,O,NO
155,Sentence: 1,ของ,O,NO
156,Sentence: 1,พรรค,O,NO
157,Sentence: 1,ชาติไทย,org,NO
158,Sentence: 1,นั้น,O,NO
159,Sentence: 1,"
นาย",O,NO
160,Sentence: 1,บรรหาร,O,NO
161,Sentence: 1,ได้,O,NO
162,Sentence: 1,โยก,O,NO
163,Sentence: 1,นาย,O,front_person
164,Sentence: 1,ปองพล,per,NO
165,Sentence: 1,ไป,O,NO
166,Sentence: 1,นั่ง,O,NO
167,Sentence: 1,รอง,O,NO
168,Sentence: 1,นายกรัฐมนตรี,O,NO
169,Sentence: 1,แทน,O,NO
170,Sentence: 1,นาย,O,front_person
171,Sentence: 1,ปัญจะ,O,NO
172,Sentence: 1,เกสรทอง,O,NO
173,Sentence: 1,ที่,O,NO
174,Sentence: 1,ลา,O,NO
175,Sentence: 1,ออก,O,NO
176,Sentence: 1,จาก,O,NO
177,Sentence: 1,ตำแหน่ง,O,NO
178,Sentence: 1,"
แล้ว",O,NO
179,Sentence: 1,ให้,O,NO
180,Sentence: 1,นาย,O,front_person
181,Sentence: 1,ประภัตร,per,NO
182,Sentence: 1,โพธสุธน,O,NO
183,Sentence: 1,รมช.,O,NO
184,Sentence: 1,มหาดไทย,org,location_name
185,Sentence: 1,มา,O,NO
186,Sentence: 1,รับ,O,NO
187,Sentence: 1,ตำแหน่ง,O,NO
188,Sentence: 1,รมว.,O,NO
189,Sentence: 1,เกษตร,org_start,NO
190,Sentence: 1,ฯ,org_end,NO
191,Sentence: 1,"
นาย",O,NO
192,Sentence: 1,สนธยา,O,NO
193,Sentence: 1,คุณปลื้ม,O,NO
194,Sentence: 1,รมช.,O,NO
195,Sentence: 1,คมนาคม,org,NO
196,Sentence: 1,มา,O,NO
197,Sentence: 1,รับ,O,NO
198,Sentence: 1,ตำแหน่ง,O,NO
199,Sentence: 1,รมช.,O,NO
200,Sentence: 1,มหาดไทย,org,location_name
201,Sentence: 1,"
ส่วน",O,NO
202,Sentence: 1,นาย,O,front_person
203,Sentence: 1,จองชัย,per,NO
204,Sentence: 1,เที่ยงธรรม,O,NO
205,Sentence: 1,รมช.,O,NO
206,Sentence: 1,แรงงาน,org_start,NO
207,Sentence: 1,ฯ,org_end,NO
208,Sentence: 1,มา,O,NO
209,Sentence: 1,รับ,O,NO
210,Sentence: 1,ตำแหน่ง,O,NO
211,Sentence: 1,รมช.,O,NO
212,Sentence: 1,คมนาคม,org,NO
213,Sentence: 1,"
สำหรับ",O,NO
214,Sentence: 1,รัฐมนตรี,O,front_person
215,Sentence: 1,หน้า,O,NO
216,Sentence: 1,ใหม่,O,location_name
217,Sentence: 1,ของ,O,NO
218,Sentence: 1,พรรค,O,NO
219,Sentence: 1,ชาติไทย,org,NO
220,Sentence: 1,คือ,O,NO
221,Sentence: 1,นาย,O,front_person
222,Sentence: 1,ประยุทธ์,per,NO
223,Sentence: 1,ศิริพานิช,O,NO
224,Sentence: 1,รับ,O,NO
225,Sentence: 1,ตำแหน่ง,O,NO
226,Sentence: 1,รมช.,O,NO
227,Sentence: 1,แรงงาน,org_start,NO
228,Sentence: 1,ฯ,org_end,NO
229,Sentence: 1,"
นาย",O,NO
230,Sentence: 1,ปองพล,O,NO
231,Sentence: 1,ย้ำ,O,NO
232,Sentence: 1,อีก,O,NO
233,Sentence: 1,ครั้ง,O,NO
234,Sentence: 1,ว่า,O,NO
235,Sentence: 1,การ,O,front_org
236,Sentence: 1,ปรับ,O,NO
237,Sentence: 1,เปลี่ยน,O,location_name
238,Sentence: 1,ตำแหน่ง,O,NO
239,Sentence: 1,ถ้า,O,NO
240,Sentence: 1,เป็น,O,NO
241,Sentence: 1,มติ,O,NO
242,Sentence: 1,พรรค,O,NO
243,Sentence: 1,ก็,O,NO
244,Sentence: 1,ไม่,O,NO
245,Sentence: 1,มี,O,NO
246,Sentence: 1,ปัญหา,O,NO
247,Sentence: 1,"
ผู้",O,NO
248,Sentence: 1,สื่อ,O,NO
249,Sentence: 1,ข่าว,O,NO
250,Sentence: 1,ถาม,O,location_name
251,Sentence: 1,ว่า,O,NO
252,Sentence: 1,การ,O,front_org
253,Sentence: 1,ถูก,O,NO
254,Sentence: 1,ปรับ,O,NO
255,Sentence: 1,ครม.,O,NO
256,Sentence: 1,ครั้ง,O,NO
257,Sentence: 1,นี้,O,NO
258,Sentence: 1,มี,O,NO
259,Sentence: 1,ส่วน,O,NO
260,Sentence: 1,เกี่ยวข้อง,O,NO
261,Sentence: 1,กับ,O,NO
262,Sentence: 1,เรื่อง,O,NO
263,Sentence: 1,เงินกู้,O,NO
264,Sentence: 1,ของ,O,NO
265,Sentence: 1,ธนาคาร,O,NO
266,Sentence: 1,เพื่อ,org_start,NO
267,Sentence: 1,การ,org_cont,front_org
268,Sentence: 1,พัฒนา,org_cont,NO
269,Sentence: 1,แห่ง,org_cont,NO
270,Sentence: 1,เอเชีย,org_end,NO
271,Sentence: 1,หรือ,O,NO
272,Sentence: 1,เอดีบี,org,NO
273,Sentence: 1,หรือไม่,O,NO
274,Sentence: 1,"
นาย",O,NO
275,Sentence: 1,ปองพล,O,NO
276,Sentence: 1,กล่าว,O,NO
277,Sentence: 1,ว่า,O,NO
278,Sentence: 1,เขา,O,NO
279,Sentence: 1,ไม่,O,NO
280,Sentence: 1,ทราบ,O,NO
281,Sentence: 1,เพราะ,O,NO
282,Sentence: 1,เขา,O,NO
283,Sentence: 1,เอง,O,NO
284,Sentence: 1,ไม่,O,NO
285,Sentence: 1,มี,O,NO
286,Sentence: 1,ปัญหา,O,NO
287,Sentence: 1,"
เรื่อง",O,NO
288,Sentence: 1,เงินกู้,O,NO
289,Sentence: 1,ดังกล่าว,O,NO
290,Sentence: 1,ก็,O,NO
291,Sentence: 1,เคย,O,NO
292,Sentence: 1,พา,O,NO
293,Sentence: 1,อธิบดี,O,NO
294,Sentence: 1,กรม,O,front_org
295,Sentence: 1,ต่างๆ,org,NO
296,Sentence: 1,ของ,O,NO
297,Sentence: 1,กระทรวง,O,front_org
298,Sentence: 1,เกษตร,org_start,NO
299,Sentence: 1,ฯ,org_end,NO
300,Sentence: 1,ไป,O,NO
301,Sentence: 1,ชี้แจง,O,NO
302,Sentence: 1,กับ,O,NO
303,Sentence: 1,หัวหน้า,O,NO
304,Sentence: 1,พรรค,O,NO
305,Sentence: 1,มา,O,NO
306,Sentence: 1,แล้ว,O,NO
307,Sentence: 1,"
ผู้",O,NO
308,Sentence: 1,สื่อ,O,NO
309,Sentence: 1,ข่าว,O,NO
310,Sentence: 1,ถาม,O,location_name
311,Sentence: 1,อีก,O,NO
312,Sentence: 1,ว่า,O,NO
313,Sentence: 1,เมื่อ,O,NO
314,Sentence: 1,มี,O,NO
315,Sentence: 1,เรื่อง,O,NO
316,Sentence: 1,เช่นนี้,O,NO
317,Sentence: 1,เกิด,O,NO
318,Sentence: 1,ขึ้น,O,NO
319,Sentence: 1,จะ,O,NO
320,Sentence: 1,ยัง,O,NO
321,Sentence: 1,อยู่,O,NO
322,Sentence: 1,กับ,O,NO
323,Sentence: 1,พรรค,O,NO
324,Sentence: 1,ชาติไทย,org,NO
325,Sentence: 1,ต่อไป,O,NO
326,Sentence: 1,หรือไม่,O,NO
327,Sentence: 1,"
นาย",O,NO
328,Sentence: 1,ปองพล,O,NO
329,Sentence: 1,ย้อน,O,NO
330,Sentence: 1,ถาม,O,location_name
331,Sentence: 1,ว่า,O,NO
332,Sentence: 1,"""",O,NO
333,Sentence: 1,ถาม,O,location_name
334,Sentence: 1,อะไร,O,NO
335,Sentence: 1,อย่าง,O,NO
336,Sentence: 1,นี้,O,NO
337,Sentence: 1,ล่ะ,O,NO
338,Sentence: 1,ยังไง,O,NO
339,Sentence: 1,ก็,O,NO
340,Sentence: 1,ต้อง,O,NO
341,Sentence: 1,อยู่,O,NO
342,Sentence: 1,สิ,O,location_name
343,Sentence: 1,"""",O,NO
344,Sentence: 1,"
ขนาด",O,NO
345,Sentence: 1,คลื่น,O,NO
346,Sentence: 1,ลม,O,NO
347,Sentence: 1,ใน,O,NO
348,Sentence: 1,มหาสมุทร,O,NO
349,Sentence: 1,อินเดีย,loc,NO
350,Sentence: 1,แรง,O,NO
351,Sentence: 1,แค่ไหน,O,NO
352,Sentence: 1,ผม,O,NO
353,Sentence: 1,ยัง,O,NO
354,Sentence: 1,ทน,O,NO
355,Sentence: 1,มา,O,NO
356,Sentence: 1,ได้,O,NO
357,Sentence: 1,นับประสา,O,NO
358,Sentence: 1,อะไร,O,NO
359,Sentence: 1,กับ,O,NO
360,Sentence: 1,คลื่น,O,NO
361,Sentence: 1,ลม,O,NO
362,Sentence: 1,ใน,O,NO
363,Sentence: 1,พรรค,O,NO
364,Sentence: 1,ชาติไทย,org,NO
365,Sentence: 1,"
ผู้",O,NO
366,Sentence: 1,สื่อ,O,NO
367,Sentence: 1,ข่าว,O,NO
368,Sentence: 1,ถาม,O,location_name
369,Sentence: 1,ต่อ,O,NO
370,Sentence: 1,อีก,O,NO
371,Sentence: 1,ว่า,O,NO
372,Sentence: 1,มี,O,NO
373,Sentence: 1,ความเห็น,O,NO
374,Sentence: 1,อย่างไร,O,NO
375,Sentence: 1,กับ,O,NO
376,Sentence: 1,โผ,O,NO
377,Sentence: 1,รายชื่อ,O,NO
378,Sentence: 1,ปรับ,O,NO
379,Sentence: 1,ครม.,O,NO
380,Sentence: 1,ของ,O,NO
381,Sentence: 1,พรรค,O,NO
382,Sentence: 1,ชาติไทย,org,NO
383,Sentence: 1,"
นาย",O,NO
384,Sentence: 1,ปองพล,O,NO
385,Sentence: 1,กล่าว,O,NO
386,Sentence: 1,ว่า,O,NO
387,Sentence: 1,ถ้า,O,NO
388,Sentence: 1,เป็นไป,O,NO
389,Sentence: 1,ตาม,O,NO
390,Sentence: 1,โผ,O,NO
391,Sentence: 1,ที่,O,NO
392,Sentence: 1,ถูก,O,NO
393,Sentence: 1,เสนอ,O,NO
394,Sentence: 1,ข่าว,O,NO
395,Sentence: 1,ในขณะนี้,O,NO
396,Sentence: 1,เรื่อง,O,NO
397,Sentence: 1,บุคคล,O,NO
398,Sentence: 1,ไม่,O,NO
399,Sentence: 1,น่า,O,NO
400,Sentence: 1,เป็น,O,NO
401,Sentence: 1,ปัญหา,O,NO
402,Sentence: 1,"
ใน",O,NO
403,Sentence: 1,ตำแหน่ง,O,NO
404,Sentence: 1,ของ,O,NO
405,Sentence: 1,นาย,O,front_person
406,Sentence: 1,ปัญจะ,O,NO
407,Sentence: 1,เกสรทอง,O,NO
408,Sentence: 1,ที่,O,NO
409,Sentence: 1,ได้,O,NO
410,Sentence: 1,ลา,O,NO
411,Sentence: 1,ออก,O,NO
412,Sentence: 1,ไป,O,NO
413,Sentence: 1,"
นาย",O,NO
414,Sentence: 1,ปัญจะ,O,NO
415,Sentence: 1,ถือว่า,O,NO
416,Sentence: 1,เป็น,O,NO
417,Sentence: 1,ส.ส.,O,NO
418,Sentence: 1,ใน,O,NO
419,Sentence: 1,เขต,O,NO
420,Sentence: 1,ภาค,O,NO
421,Sentence: 1,เหนือ,O,location_name
422,Sentence: 1,ดังนั้น,O,NO
423,Sentence: 1,โควตา,O,NO
424,Sentence: 1,ตำแหน่ง,O,NO
425,Sentence: 1,ของ,O,NO
426,Sentence: 1,นาย,O,front_person
427,Sentence: 1,ปัญจะ,O,NO
428,Sentence: 1,ควร,O,location_name
429,Sentence: 1,จะ,O,NO
430,Sentence: 1,ให้,O,NO
431,Sentence: 1,ส.ส.,O,NO
432,Sentence: 1,ภาค,O,NO
433,Sentence: 1,เหนือ,O,location_name
434,Sentence: 1,มา,O,NO
435,Sentence: 1,ดำรง,O,NO
436,Sentence: 1,ตำแหน่ง,O,NO
437,Sentence: 1,แทน,O,NO
438,Sentence: 1,"
ส่วน",O,NO
439,Sentence: 1,การ,O,front_org
440,Sentence: 1,ปรับ,O,NO
441,Sentence: 1,เปลี่ยน,O,location_name
442,Sentence: 1,ตำแหน่ง,O,NO
443,Sentence: 1,ใน,O,NO
444,Sentence: 1,พรรค,O,NO
445,Sentence: 1,ที่,O,NO
446,Sentence: 1,มี,O,NO
447,Sentence: 1,ข่าว,O,NO
448,Sentence: 1,ว่า,O,NO
449,Sentence: 1,จะ,O,NO
450,Sentence: 1,ให้,O,NO
451,Sentence: 1,นาย,O,front_person
452,Sentence: 1,สนธยา,per,NO
453,Sentence: 1,มา,O,NO
454,Sentence: 1,ดำรง,O,NO
455,Sentence: 1,ตำแหน่ง,O,NO
456,Sentence: 1,เลขาธิการ,O,NO
457,Sentence: 1,พรรค,O,NO
458,Sentence: 1,แทน,O,NO
459,Sentence: 1,นั้น,O,NO
460,Sentence: 1,"
นาย",O,NO
461,Sentence: 1,ปองพล,O,NO
462,Sentence: 1,กล่าว,O,NO
463,Sentence: 1,ว่า,O,NO
464,Sentence: 1,ทาง,O,NO
465,Sentence: 1,การ,O,front_org
466,Sentence: 1,เมือง,O,location_name
467,Sentence: 1,ถือว่า,O,NO
468,Sentence: 1,เป็น,O,NO
469,Sentence: 1,เรื่อง,O,NO
470,Sentence: 1,ธรรมดา,O,NO
471,Sentence: 1,"
สำหรับ",O,NO
472,Sentence: 1,นาย,O,front_person
473,Sentence: 1,สนธยา,per,NO
474,Sentence: 1,ก็,O,NO
475,Sentence: 1,เป็น,O,NO
476,Sentence: 1,คน,O,NO
477,Sentence: 1,หนุ่ม,O,NO
478,Sentence: 1,ไฟ,O,NO
479,Sentence: 1,แรง,O,NO
480,Sentence: 1,ทำงาน,O,NO
481,Sentence: 1,ดี,O,NO
482,Sentence: 1,คาด,O,NO
483,Sentence: 1,ว่า,O,NO
484,Sentence: 1,จะ,O,NO
485,Sentence: 1,เป็น,O,NO
486,Sentence: 1,อนาคต,O,NO
487,Sentence: 1,ของ,O,NO
488,Sentence: 1,พรรค,O,NO
489,Sentence: 1,ชาติไทย,org,NO
490,Sentence: 1,ได้,O,NO
491,Sentence: 1,"
ส่วน",O,NO
492,Sentence: 1,นาย,O,front_person
493,Sentence: 1,ประภัตร,per,NO
494,Sentence: 1,ที่,O,NO
495,Sentence: 1,มี,O,NO
496,Sentence: 1,ข่าว,O,NO
497,Sentence: 1,ว่า,O,NO
498,Sentence: 1,จะ,O,NO
499,Sentence: 1,มา,O,NO
500,Sentence: 1,ดำรง,O,NO
501,Sentence: 1,ตำแหน่ง,O,NO
502,Sentence: 1,รมว.,O,NO
503,Sentence: 1,เกษตร,org_start,NO
504,Sentence: 1,ฯ,org_end,NO
505,Sentence: 1,แทน,O,NO
506,Sentence: 1,นั้น,O,NO
507,Sentence: 1,"
นาย",O,NO
508,Sentence: 1,ปองพล,O,NO
509,Sentence: 1,กล่าว,O,NO
510,Sentence: 1,ว่า,O,NO
511,Sentence: 1,เท่าที่,O,NO
512,Sentence: 1,อ่าน,O,NO
513,Sentence: 1,ใน,O,NO
514,Sentence: 1,หนังสือพิมพ์,O,NO
515,Sentence: 1,เห็น,O,NO
516,Sentence: 1,ว่า,O,NO
517,Sentence: 1,จะ,O,NO
518,Sentence: 1,ทำงาน,O,NO
519,Sentence: 1,ด้วย,O,NO
520,Sentence: 1,สมอง,O,NO
521,Sentence: 1,"
ขณะที่",O,NO
522,Sentence: 1,งาน,O,NO
523,Sentence: 1,ใน,O,NO
524,Sentence: 1,กระทรวง,O,front_org
525,Sentence: 1,เกษตร,org_start,NO
526,Sentence: 1,ฯ,org_end,NO
527,Sentence: 1,เขา,O,NO
528,Sentence: 1,ก็,O,NO
529,Sentence: 1,ได้,O,NO
530,Sentence: 1,มอบ,O,NO
531,Sentence: 1,เอกสาร,O,NO
532,Sentence: 1,ต่างๆ,O,NO
533,Sentence: 1,ที่,O,NO
534,Sentence: 1,เป็น,O,NO
535,Sentence: 1,พื้นฐาน,O,NO
536,Sentence: 1,การ,O,front_org
537,Sentence: 1,ทำงาน,O,NO
538,Sentence: 1,ใน,O,NO
539,Sentence: 1,กระทรวง,O,front_org
540,Sentence: 1,เกษตร,org_start,NO
541,Sentence: 1,ฯ,org_end,NO
542,Sentence: 1,ให้,O,NO
543,Sentence: 1,ไป,O,NO
544,Sentence: 1,แล้ว,O,NO
545,Sentence: 1,"
ด้าน",O,NO
546,Sentence: 1,ความ,O,NO
547,Sentence: 1,เคลื่อนไหว,O,NO
548,Sentence: 1,ของ,O,NO
549,Sentence: 1,นาย,O,front_person
550,Sentence: 1,บรรหาร,O,NO
551,Sentence: 1,ศิลปอาชา,O,NO
552,Sentence: 1,หัวหน้า,O,NO
553,Sentence: 1,พรรค,O,NO
554,Sentence: 1,ชาติไทย,org,NO
555,Sentence: 1,เมื่อ,O,NO
556,Sentence: 1,ช่วง,O,NO
557,Sentence: 1,บ่าย,O,NO
558,Sentence: 1,วานนี้,O,NO
559,Sentence: 1,"
ได้",O,NO
560,Sentence: 1,เป็น,O,NO
561,Sentence: 1,ประธาน,O,NO
562,Sentence: 1,เปิด,O,NO
563,Sentence: 1,งาน,O,NO
564,Sentence: 1,สัมมนา,O,NO
565,Sentence: 1,สถาบัน,O,front_org
566,Sentence: 1,ราชภัฏ,O,NO
567,Sentence: 1,ระดับ,O,NO
568,Sentence: 1,ชาติ,O,NO
569,Sentence: 1,"
ใน",O,NO
570,Sentence: 1,ฐานะ,O,NO
571,Sentence: 1,นายก,O,front_person
572,Sentence: 1,สภา,O,front_org
573,Sentence: 1,ประจำ,O,NO
574,Sentence: 1,สถาบัน,O,front_org
575,Sentence: 1,ราชภัฏ,O,NO
576,Sentence: 1,สวนสุนันทา,O,NO
577,Sentence: 1,ที่,O,NO
578,Sentence: 1,โรงแรม,O,front_org
579,Sentence: 1,รอยัลปริ๊นเซส,O,NO
580,Sentence: 1,"
หลังจาก",O,NO
581,Sentence: 1,เปิด,O,NO
582,Sentence: 1,การ,O,front_org
583,Sentence: 1,ประชุม,O,NO
584,Sentence: 1,สัมมนา,O,NO
585,Sentence: 1,แล้ว,O,NO
586,Sentence: 1,นาย,O,front_person
587,Sentence: 1,บรรหาร,per,NO
588,Sentence: 1,ได้,O,NO
589,Sentence: 1,ขอ,O,NO
590,Sentence: 1,ตัว,O,NO
591,Sentence: 1,จาก,O,NO
592,Sentence: 1,ที่,O,NO
593,Sentence: 1,ประชุม,O,NO
594,Sentence: 1,อธิการบดี,O,NO
595,Sentence: 1,สถาบัน,O,front_org
596,Sentence: 1,ราชภัฏ,O,NO
597,Sentence: 1,ว่า,O,NO
598,Sentence: 1,ไม่,O,NO
599,Sentence: 1,สามารถ,O,NO
600,Sentence: 1,อยู่,O,NO
601,Sentence: 1,ร่วม,O,NO
602,Sentence: 1,ประชุม,O,NO
603,Sentence: 1,ได้,O,NO
604,Sentence: 1,"
ส่วน",O,NO
605,Sentence: 1,ที่,O,NO
606,Sentence: 1,พรรค,O,NO
607,Sentence: 1,ชาติไทย,org,NO
608,Sentence: 1,นาย,O,front_person
609,Sentence: 1,จองชัย,per,NO
610,Sentence: 1,ให้,O,NO
611,Sentence: 1,สัมภาษณ์,O,NO
612,Sentence: 1,ว่า,O,NO
613,Sentence: 1,เดินทาง,O,NO
614,Sentence: 1,มา,O,NO
615,Sentence: 1,ที่,O,NO
616,Sentence: 1,พรรค,O,NO
617,Sentence: 1,เพื่อ,O,NO
618,Sentence: 1,มา,O,NO
619,Sentence: 1,สอบถาม,O,NO
620,Sentence: 1,กรณี,O,NO
621,Sentence: 1,ที่,O,NO
622,Sentence: 1,มี,O,NO
623,Sentence: 1,ข่าว,O,NO
624,Sentence: 1,ตาม,O,NO
625,Sentence: 1,หน้า,O,NO
626,Sentence: 1,หนังสือพิมพ์,O,NO
627,Sentence: 1,เรื่อง,O,NO
628,Sentence: 1,การ,O,front_org
629,Sentence: 1,ปรับ,O,NO
630,Sentence: 1,คณะ,O,front_org
631,Sentence: 1,รัฐมนตรี,O,front_person
632,Sentence: 1,"
ผู้",O,NO
633,Sentence: 1,สื่อ,O,NO
634,Sentence: 1,ข่าว,O,NO
635,Sentence: 1,รายงาน,O,NO
636,Sentence: 1,ว่า,O,NO
637,Sentence: 1,ใน,O,NO
638,Sentence: 1,เวลา,O,NO
639,Sentence: 1,ไล่เลี่ย,O,NO
640,Sentence: 1,กัน,O,NO
641,Sentence: 1,กับ,O,NO
642,Sentence: 1,ที่,O,NO
643,Sentence: 1,นาย,O,front_person
644,Sentence: 1,บรรหาร,O,NO
645,Sentence: 1,เดิน,O,NO
646,Sentence: 1,ทาง,O,NO
647,Sentence: 1,ออก,O,NO
648,Sentence: 1,จาก,O,NO
649,Sentence: 1,โรงแรม,O,front_org
650,Sentence: 1,รอยัลปริ๊นเซส,O,NO
651,Sentence: 1,"
คณะ",O,NO
652,Sentence: 1,รัฐมนตรี,O,front_person
653,Sentence: 1,ของ,O,NO
654,Sentence: 1,พรรค,O,NO
655,Sentence: 1,ชาติไทย,org,NO
656,Sentence: 1,นำ,O,NO
657,Sentence: 1,โดย,O,NO
658,Sentence: 1,นาย,O,front_person
659,Sentence: 1,ประภัตร,per,NO
660,Sentence: 1,ได้,O,NO
661,Sentence: 1,เดิน,O,NO
662,Sentence: 1,ทาง,O,NO
663,Sentence: 1,ออก,O,NO
664,Sentence: 1,จาก,O,NO
665,Sentence: 1,พรรค,O,NO
666,Sentence: 1,ชาติไทย,org,NO
667,Sentence: 1,โดย,O,NO
668,Sentence: 1,จะ,O,NO
669,Sentence: 1,ไป,O,NO
670,Sentence: 1,ร่วม,O,NO
671,Sentence: 1,ประชุม,O,NO
672,Sentence: 1,กับ,O,NO
673,Sentence: 1,นาย,O,front_person
674,Sentence: 1,บรรหาร,O,NO
675,Sentence: 1,ที่,O,NO
676,Sentence: 1,เซฟเฮ้าส์,O,NO
677,Sentence: 1,แห่ง,O,NO
678,Sentence: 1,หนึ่ง,O,NO
679,Sentence: 1,"
ขณะที่",O,NO
680,Sentence: 1,นาย,O,front_person
681,Sentence: 1,ปัญจะ,O,NO
682,Sentence: 1,เปิดใจ,O,NO
683,Sentence: 1,ถึง,O,NO
684,Sentence: 1,การ,O,front_org
685,Sentence: 1,ตัดสินใจ,O,NO
686,Sentence: 1,ลา,O,NO
687,Sentence: 1,ออก,O,NO
688,Sentence: 1,จาก,O,NO
689,Sentence: 1,ตำแหน่ง,O,NO
690,Sentence: 1,รอง,O,NO
691,Sentence: 1,นายก,O,front_person
692,Sentence: 1,ฯ,O,NO
693,Sentence: 1,ที่,O,NO
694,Sentence: 1,ทำเนียบรัฐบาล,O,NO
695,Sentence: 1,"
พอดี",O,NO
696,Sentence: 1,บังเอิญ,O,NO
697,Sentence: 1,พล.ต.,O,front_person
698,Sentence: 1,สนั่น,O,NO
699,Sentence: 1,กิตติขจร,O,NO
700,Sentence: 1,ลา,O,NO
701,Sentence: 1,ออก,O,NO
702,Sentence: 1,"
มา",O,NO
703,Sentence: 1,ถึง,O,NO
704,Sentence: 1,จุด,O,NO
705,Sentence: 1,นี้,O,NO
706,Sentence: 1,ผู้,O,NO
707,Sentence: 1,สื่อ,O,NO
708,Sentence: 1,ข่าว,O,NO
709,Sentence: 1,แย้ง,O,NO
710,Sentence: 1,ว่า,O,NO
711,Sentence: 1,พล.ต.,O,front_person
712,Sentence: 1,สนั่น,O,NO
713,Sentence: 1,นามสกุล,O,NO
714,Sentence: 1,ขจรประศาสน์,O,NO
715,Sentence: 1,"
มี",O,NO
716,Sentence: 1,การ,O,front_org
717,Sentence: 1,ปรับ,O,NO
718,Sentence: 1,ครม.,O,NO
719,Sentence: 1,ของ,O,NO
720,Sentence: 1,พรรค,O,NO
721,Sentence: 1,ประชาธิปัตย์,org,location_name
722,Sentence: 1,"""",O,NO
723,Sentence: 1,"
เมื่อ",O,NO
724,Sentence: 1,เวลา,O,NO
725,Sentence: 1,16.40,O,NO
726,Sentence: 1,น.,O,NO
727,Sentence: 1,วัน,O,NO
728,Sentence: 1,เดียวกัน,O,NO
729,Sentence: 1,นาย,O,front_person
730,Sentence: 1,วิษณุ,per,NO
731,Sentence: 1,เครืองาม,O,NO
732,Sentence: 1,เลขาธิการ,O,NO
733,Sentence: 1,ครม.,O,NO
734,Sentence: 1,ให้,O,NO
735,Sentence: 1,สัมภาษณ์,O,NO
736,Sentence: 1,ภายหลัง,O,NO
737,Sentence: 1,เข้า,O,NO
738,Sentence: 1,พบ,O,NO
739,Sentence: 1,นาย,O,front_person
740,Sentence: 1,ชวน,per,NO
741,Sentence: 1,หลีกภัย,O,NO
742,Sentence: 1,นายกรัฐมนตรี,O,NO
743,Sentence: 1,ที่,O,NO
744,Sentence: 1,ตึก,O,NO
745,Sentence: 1,ไทยคู่ฟ้า,loc,NO
746,Sentence: 1,ทำเนียบรัฐบาล,O,NO
747,Sentence: 1,ว่า,O,NO
748,Sentence: 1,"
ขณะนี้",O,NO
749,Sentence: 1,ได้รับ,O,NO
750,Sentence: 1,รายชื่อ,O,NO
751,Sentence: 1,ผู้,O,NO
752,Sentence: 1,ที่,O,NO
753,Sentence: 1,จะ,O,NO
754,Sentence: 1,พ้น,O,NO
755,Sentence: 1,ตำแหน่ง,O,NO
756,Sentence: 1,และ,O,location_name
757,Sentence: 1,จะ,O,NO
758,Sentence: 1,เข้า,O,NO
759,Sentence: 1,รับ,O,NO
760,Sentence: 1,ตำแหน่ง,O,NO
761,Sentence: 1,รัฐมนตรี,O,front_person
762,Sentence: 1,ใหม่,O,location_name
763,Sentence: 1,เรียบร้อย,O,NO
764,Sentence: 1,แล้ว,O,NO
765,Sentence: 1,"
เมื่อ",O,NO
766,Sentence: 1,สำนัก,O,front_org
767,Sentence: 1,เลขาธิการ,org_start,NO
768,Sentence: 1,ครม.,org_end,NO
769,Sentence: 1,แจ้ง,O,NO
770,Sentence: 1,ไป,O,NO
771,Sentence: 1,แล้ว,O,NO
772,Sentence: 1,บรรดา,O,NO
773,Sentence: 1,ผู้,O,NO
774,Sentence: 1,ที่,O,NO
775,Sentence: 1,จะ,O,NO
776,Sentence: 1,เข้า,O,NO
777,Sentence: 1,มา,O,NO
778,Sentence: 1,รับ,O,NO
779,Sentence: 1,ตำแหน่ง,O,NO
780,Sentence: 1,จะ,O,NO
781,Sentence: 1,ได้,O,NO
782,Sentence: 1,ยืนยัน,O,NO
783,Sentence: 1,กลับ,O,NO
784,Sentence: 1,มา,O,NO
785,Sentence: 1,"
เลขาธิการ",O,NO
786,Sentence: 1,ครม.,O,NO
787,Sentence: 1,กล่าว,O,NO
788,Sentence: 1,ต่อว่า,O,NO
789,Sentence: 1,หลังจากนั้น,O,NO
790,Sentence: 1,จะ,O,NO
791,Sentence: 1,นำ,O,NO
792,Sentence: 1,รายชื่อ,O,NO
793,Sentence: 1,ส่ง,O,NO
794,Sentence: 1,ให้,O,NO
795,Sentence: 1,กับ,O,NO
796,Sentence: 1,สำนัก,O,front_org
797,Sentence: 1,ราช,O,front_person
798,Sentence: 1,เลขาธิการ,O,NO
799,Sentence: 1,สำนัก,O,front_org
800,Sentence: 1,พระราชวัง,org,NO
801,Sentence: 1,"
เพื่อ",O,NO
802,Sentence: 1,นำ,O,NO
803,Sentence: 1,รายชื่อ,O,NO
804,Sentence: 1,ทั้งหมด,O,NO
805,Sentence: 1,ทูลเกล้า,O,NO
806,Sentence: 1,ฯ,O,NO
807,Sentence: 1,ต่อไป,O,NO
808,Sentence: 1,"
คาด",O,NO
809,Sentence: 1,ว่า,O,NO
810,Sentence: 1,สำนัก,O,front_org
811,Sentence: 1,เลขาธิการ,org_start,NO
812,Sentence: 1,ครม.,org_end,NO
813,Sentence: 1,จะ,O,NO
814,Sentence: 1,นำ,O,NO
815,Sentence: 1,รายชื่อ,O,NO
816,Sentence: 1,ทูลเกล้า,O,NO
817,Sentence: 1,ฯ,O,NO
818,Sentence: 1,ได้,O,NO
819,Sentence: 1,ภายใน,O,NO
820,Sentence: 1,วันนี้,O,NO
821,Sentence: 2,ศาลแพ่ง,O,NO
822,Sentence: 2,ได้,O,NO
823,Sentence: 2,พิจารณา,O,NO
824,Sentence: 2,คดี,O,NO
825,Sentence: 2,ขอ,O,NO
826,Sentence: 2,ไต่สวน,O,NO
827,Sentence: 2,ฉุกเฉิน,O,NO
828,Sentence: 2,เพื่อ,O,NO
829,Sentence: 2,พิจารณา,O,NO
830,Sentence: 2,คำร้องขอ,O,NO
831,Sentence: 2,คุ้มครอง,O,NO
832,Sentence: 2,ชั่วคราว,O,NO
833,Sentence: 2,ของ,O,NO
834,Sentence: 2,นาย,O,front_person
835,Sentence: 2,มงคล,per,NO
836,Sentence: 2,ด่านธานินทร์,O,NO
837,Sentence: 2,ว่า,O,NO
838,Sentence: 2,ที่,O,NO
839,Sentence: 2,สมาชิก,O,location_name
840,Sentence: 2,วุฒิสภา,O,NO
841,Sentence: 2,ขอนแก่น,loc,location_name
842,Sentence: 2,ที่,O,NO
843,Sentence: 2,คณะ,O,front_org
844,Sentence: 2,กรรมการ,org_start,NO
845,Sentence: 2,การ,org_cont,front_org
846,Sentence: 2,เลือกตั้ง,org_end,NO
847,Sentence: 2,),O,NO
848,Sentence: 2,ไม่,O,NO
849,Sentence: 2,ประกาศ,O,NO
850,Sentence: 2,ผล,O,NO
851,Sentence: 2,การ,O,front_org
852,Sentence: 2,เลือกตั้ง,O,NO
853,Sentence: 2,"
โดย",O,NO
854,Sentence: 2,ได้,O,NO
855,Sentence: 2,ยื่น,O,NO
856,Sentence: 2,ฟ้อง,O,NO
857,Sentence: 2,นาย,O,front_person
858,Sentence: 2,ธีรศักดิ์,per,NO
859,Sentence: 2,กรรณสูต,O,NO
860,Sentence: 2,ประธาน,O,NO
861,Sentence: 2,กกต.,org,NO
862,Sentence: 2,กับ,O,NO
863,Sentence: 2,พวก,O,NO
864,Sentence: 2,รวม,O,NO
865,Sentence: 2,4,O,NO
866,Sentence: 2,คน,O,NO
867,Sentence: 2,"
ทั้งนี้",O,NO
868,Sentence: 2,นาย,O,front_person
869,Sentence: 2,สุพจน์,per,NO
870,Sentence: 2,เลิศสินไทย,O,NO
871,Sentence: 2,ทนายความ,O,NO
872,Sentence: 2,นาย,O,front_person
873,Sentence: 2,มงคล,per,NO
874,Sentence: 2,เปิดเผย,O,NO
875,Sentence: 2,ว่า,O,NO
876,Sentence: 2,ศาล,O,front_org
877,Sentence: 2,ได้,O,NO
878,Sentence: 2,มี,O,NO
879,Sentence: 2,คำสั่ง,O,NO
880,Sentence: 2,ไม่,O,NO
881,Sentence: 2,รับ,O,NO
882,Sentence: 2,ฟ้อง,O,NO
883,Sentence: 2,คดี,O,NO
884,Sentence: 2,ดังกล่าว,O,NO
885,Sentence: 2,"
โดย",O,NO
886,Sentence: 2,ให้,O,NO
887,Sentence: 2,เหตุผล,O,NO
888,Sentence: 2,ว่า,O,NO
889,Sentence: 2,รัฐธรรมนูญ,O,NO
890,Sentence: 2,ให้,O,NO
891,Sentence: 2,อำนาจ,O,location_name
892,Sentence: 2,กกต.,org,NO
893,Sentence: 2,ซึ่ง,O,NO
894,Sentence: 2,ถือเป็น,O,NO
895,Sentence: 2,ที่สุด,O,NO
896,Sentence: 2,"
วัน",O,NO
897,Sentence: 2,เดียวกัน,O,NO
898,Sentence: 2,นี้,O,NO
899,Sentence: 2,นาย,O,front_person
900,Sentence: 2,ชัชวาลย์,per,NO
901,Sentence: 2,คงอุดม,O,NO
902,Sentence: 2,อดีต,O,NO
903,Sentence: 2,ว่า,O,NO
904,Sentence: 2,ที่,O,NO
905,Sentence: 2,ส.ว.,O,NO
906,Sentence: 2,กทม.,loc,NO
907,Sentence: 2,ได้,O,NO
908,Sentence: 2,เป็น,O,NO
909,Sentence: 2,โจทก์,O,NO
910,Sentence: 2,ยื่น,O,NO
911,Sentence: 2,ฟ้อง,O,NO
912,Sentence: 2,นาย,O,front_person
913,Sentence: 2,ธีรศักดิ์,per,NO
914,Sentence: 2,กรรณสูต,O,NO
915,Sentence: 2,กับ,O,NO
916,Sentence: 2,พวก,O,NO
917,Sentence: 2,รวม,O,NO
918,Sentence: 2,4,O,NO
919,Sentence: 2,คน,O,NO
920,Sentence: 2,เป็น,O,NO
921,Sentence: 2,จำเลย,O,NO
922,Sentence: 2,"
นาย",O,NO
923,Sentence: 2,คมสัน,O,NO
924,Sentence: 2,โพธิ์คง,O,NO
925,Sentence: 2,ผู้อำนวยการ,O,front_person
926,Sentence: 2,สำนัก,O,front_org
927,Sentence: 2,วินิจฉัย,org,NO
928,Sentence: 2,1,O,NO
929,Sentence: 2,กกต.,org,NO
930,Sentence: 2,แถลง,O,NO
931,Sentence: 2,ว่า,O,NO
932,Sentence: 2,กกต.,org,NO
933,Sentence: 2,มี,O,NO
934,Sentence: 2,มติ,O,NO
935,Sentence: 2,ให้,O,NO
936,Sentence: 2,ผู้อำนวยการ,O,front_person
937,Sentence: 2,การ,O,front_org
938,Sentence: 2,เลือกตั้ง,O,NO
939,Sentence: 2,ประจำ,O,NO
940,Sentence: 2,จังหวัด,O,NO
941,Sentence: 2,2,O,NO
942,Sentence: 2,จังหวัด,O,NO
943,Sentence: 2,ไป,O,NO
944,Sentence: 2,แจ้งความ,O,NO
945,Sentence: 2,ร้องทุกข์,O,NO
946,Sentence: 2,ดำเนินคดี,O,NO
947,Sentence: 2,กับ,O,NO
948,Sentence: 2,อดีต,O,NO
949,Sentence: 2,ผู้,O,NO
950,Sentence: 2,สมัคร,O,NO
951,Sentence: 2,รับ,O,NO
952,Sentence: 2,เลือกตั้ง,O,NO
953,Sentence: 2,ส.ว.,O,NO
954,Sentence: 2,2,O,NO
955,Sentence: 2,ราย,O,NO
956,Sentence: 2,"
ราย",O,NO
957,Sentence: 2,แรก,O,NO
958,Sentence: 2,ที่,O,NO
959,Sentence: 2,จ.,O,NO
960,Sentence: 2,นครสวรรค์,loc,location_name
961,Sentence: 2,ได้,O,NO
962,Sentence: 2,มอบหมาย,O,NO
963,Sentence: 2,ให้,O,NO
964,Sentence: 2,นาย,O,front_person
965,Sentence: 2,ภิตพงษ์,per_start,NO
966,Sentence: 2,มาลีรัตน์,per_end,NO
967,Sentence: 2,ผอ.,O,front_person
968,Sentence: 2,การ,O,front_org
969,Sentence: 2,เลือกตั้ง,O,NO
970,Sentence: 2,จ.,O,NO
971,Sentence: 2,นครสวรรค์,loc,location_name
972,Sentence: 2,ร้องทุกข์,O,NO
973,Sentence: 2,ต่อ,O,NO
974,Sentence: 2,เจ้า,O,NO
975,Sentence: 2,พนักงาน,O,NO
976,Sentence: 2,"
กรณี",O,NO
977,Sentence: 2,ที่,O,NO
978,Sentence: 2,นาย,O,front_person
979,Sentence: 2,สวัสดิ์,per,NO
980,Sentence: 2,คำประกอบ,O,NO
981,Sentence: 2,กระทำ,O,NO
982,Sentence: 2,ผิด,O,NO
983,Sentence: 2,พ.ร.บ.,O,NO
984,Sentence: 2,เลือกตั้ง,O,NO
985,Sentence: 2,ส.ส.,O,NO
986,Sentence: 2,และ,O,location_name
987,Sentence: 2,ส.ว.,O,NO
988,Sentence: 2,มาตรา,O,NO
989,Sentence: 2,44,O,NO
990,Sentence: 2,"
ส่วน",O,NO
991,Sentence: 2,อีก,O,NO
992,Sentence: 2,ราย,O,NO
993,Sentence: 2,หนึ่ง,O,NO
994,Sentence: 2,คือ,O,NO
995,Sentence: 2,ที่,O,NO
996,Sentence: 2,จ.,O,NO
997,Sentence: 2,ชลบุรี,loc,location_name
998,Sentence: 2,ได้,O,NO
999,Sentence: 2,มอบหมาย,O,NO
1000,Sentence: 2,ให้,O,NO
1001,Sentence: 2,นาย,O,front_person
1002,Sentence: 2,วิจิตร,per_start,NO
1003,Sentence: 2,ธนัญชยะกุล,per_end,NO
1004,Sentence: 2,ผอ.,O,front_person
1005,Sentence: 2,การ,O,front_org
1006,Sentence: 2,เลือกตั้ง,O,NO
1007,Sentence: 2,จ.,O,NO
1008,Sentence: 2,ชลบุรี,loc,location_name
1009,Sentence: 2,"
ไป",O,NO
1010,Sentence: 2,ร้องทุกข์,O,NO
1011,Sentence: 2,กับ,O,NO
1012,Sentence: 2,พนักงานสอบสวน,O,NO
1013,Sentence: 2,ว่า,O,NO
1014,Sentence: 2,นาย,O,front_person
1015,Sentence: 2,สมบัติ,per,NO
1016,Sentence: 2,เพ็ชรตระกูล,O,NO
1017,Sentence: 2,อดีต,O,NO
1018,Sentence: 2,ผู้,O,NO
1019,Sentence: 2,สมัคร,O,NO
1020,Sentence: 2,ส.ว.,O,NO
1021,Sentence: 2,กระทำ,O,NO
1022,Sentence: 2,ผิด,O,NO
1023,Sentence: 2,พ.ร.บ.,O,NO
1024,Sentence: 2,เลือกตั้ง,O,NO
1025,Sentence: 2,มาตรา,O,NO
1026,Sentence: 2,100,O,NO
1027,Sentence: 2,"
นาย",O,NO
1028,Sentence: 2,คมสัน,org,NO
1029,Sentence: 2,กล่าว,O,NO
1030,Sentence: 2,ด้วยว่า,O,NO
1031,Sentence: 2,โทษ,O,NO
1032,Sentence: 2,ของ,O,NO
1033,Sentence: 2,ทั้ง,O,NO
1034,Sentence: 2,สอง,O,NO
1035,Sentence: 2,ราย,O,NO
1036,Sentence: 2,จะ,O,NO
1037,Sentence: 2,เป็น,O,NO
1038,Sentence: 2,โทษ,O,NO
1039,Sentence: 2,ตาม,O,NO
1040,Sentence: 2,คดี,O,NO
1041,Sentence: 2,อาญา,O,NO
1042,Sentence: 2,คือ,O,NO
1043,Sentence: 2,จำคุก,O,NO
1044,Sentence: 2,1-10,O,NO
1045,Sentence: 2,ปี,O,NO
1046,Sentence: 2,"
นาย",O,NO
1047,Sentence: 2,โคทม,O,NO
1048,Sentence: 2,อารียา,org_start,NO
1049,Sentence: 2,กกต.,org_end,NO
1050,Sentence: 2,แถลง,O,NO
1051,Sentence: 2,ผล,O,NO
1052,Sentence: 2,การ,O,front_org
1053,Sentence: 2,ประชุม,O,NO
1054,Sentence: 2,ฝ่าย,O,NO
1055,Sentence: 2,บริหาร,O,NO
1056,Sentence: 2,กิจการ,O,NO
1057,Sentence: 2,การ,O,front_org
1058,Sentence: 2,มีส่วนร่วม,O,NO
1059,Sentence: 2,เกี่ยวกับ,O,NO
1060,Sentence: 2,การ,O,front_org
1061,Sentence: 2,ทำงาน,O,NO
1062,Sentence: 2,ของ,O,NO
1063,Sentence: 2,ศูนย์,O,front_org
1064,Sentence: 2,ประสานงาน,O,NO
1065,Sentence: 2,การ,O,front_org
1066,Sentence: 2,มีส่วนร่วม,O,NO
1067,Sentence: 2,ของ,O,NO
1068,Sentence: 2,ประชาชน,O,NO
1069,Sentence: 2,"
โดย",O,NO
1070,Sentence: 2,จะ,O,NO
1071,Sentence: 2,ประสานงาน,O,NO
1072,Sentence: 2,กับ,O,NO
1073,Sentence: 2,องค์กร,O,front_org
1074,Sentence: 2,เอกชน,O,NO
1075,Sentence: 2,ทั้ง,O,NO
1076,Sentence: 2,35,O,NO
1077,Sentence: 2,จังหวัด,O,NO
1078,Sentence: 2,ที่,O,NO
1079,Sentence: 2,มี,O,NO
1080,Sentence: 2,การ,O,front_org
1081,Sentence: 2,เลือกตั้ง,O,NO
1082,Sentence: 2,ใหม่,O,location_name
1083,Sentence: 2,"
นาย",O,NO
1084,Sentence: 2,โคทม,O,NO
1085,Sentence: 2,แถลง,O,NO
1086,Sentence: 2,ด้วยว่า,O,NO
1087,Sentence: 2,ใน,O,NO
1088,Sentence: 2,เรื่อง,O,NO
1089,Sentence: 2,ของ,O,NO
1090,Sentence: 2,พยาน,O,NO
1091,Sentence: 2,และ,O,location_name
1092,Sentence: 2,หลักฐาน,O,NO
1093,Sentence: 2,ที่,O,NO
1094,Sentence: 2,ได้,O,NO
1095,Sentence: 2,มา,O,NO
1096,Sentence: 2,กกต.,org,NO
1097,Sentence: 2,จะ,O,NO
1098,Sentence: 2,คำนึง,O,NO
1099,Sentence: 2,ถึง,O,NO
1100,Sentence: 2,ความ,O,NO
1101,Sentence: 2,ปลอดภัย,O,NO
1102,Sentence: 2,และ,O,location_name
1103,Sentence: 2,การ,O,front_org
1104,Sentence: 2,รักษา,O,NO
1105,Sentence: 2,ความ,O,NO
1106,Sentence: 2,ลับ,O,NO
1107,Sentence: 2,"
และ",O,NO
1108,Sentence: 2,ที่,O,NO
1109,Sentence: 2,มูลนิธิ,O,front_org
1110,Sentence: 2,องค์กร,org_start,front_org
1111,Sentence: 2,กลาง,org_cont,location_name
1112,Sentence: 2,เพื่อ,org_cont,NO
1113,Sentence: 2,ประชาธิปไตย,org_end,NO
1114,Sentence: 2,),O,NO
1115,Sentence: 2,หมายเลข,O,NO
1116,Sentence: 2,โทรศัพท์,O,NO
1117,Sentence: 2,282-6390,O,NO
1118,Sentence: 2,"""",O,NO
1119,Sentence: 2,นาย,O,front_person
1120,Sentence: 2,โคทม,per,NO
1121,Sentence: 2,กล่าว,O,NO
1122,Sentence: 3,พล.อ.,O,front_person
1123,Sentence: 3,เปรม,O,NO
1124,Sentence: 3,ติณสูลานนท์,O,NO
1125,Sentence: 3,ประธาน,O,NO
1126,Sentence: 3,องคมนตรี,O,NO
1127,Sentence: 3,และ,O,location_name
1128,Sentence: 3,รัฐบุรุษ,O,NO
1129,Sentence: 3,ได้,O,NO
1130,Sentence: 3,แสดง,O,NO
1131,Sentence: 3,ความ,O,NO
1132,Sentence: 3,ห่วงใย,O,NO
1133,Sentence: 3,ต่อ,O,NO
1134,Sentence: 3,ปัญหา,O,NO
1135,Sentence: 3,การ,O,front_org
1136,Sentence: 3,สร้าง,O,NO
1137,Sentence: 3,บ่อน,O,front_org
1138,Sentence: 3,คาสิโน,O,NO
1139,Sentence: 3,ใน,O,NO
1140,Sentence: 3,กัมพูชา,loc,NO
1141,Sentence: 3,"
มี",O,NO
1142,Sentence: 3,การ,O,front_org
1143,Sentence: 3,ถม,O,NO
1144,Sentence: 3,ดิน,O,NO
1145,Sentence: 3,ล้ำ,O,NO
1146,Sentence: 3,เข้า,O,NO
1147,Sentence: 3,มา,O,NO
1148,Sentence: 3,ใน,O,NO
1149,Sentence: 3,เขต,O,NO
1150,Sentence: 3,ไทย,loc,NO
1151,Sentence: 3,ด้าน,O,NO
1152,Sentence: 3,บ้าน,O,NO
1153,Sentence: 3,คลองลึก,loc,NO
1154,Sentence: 3,อ.,O,front_person
1155,Sentence: 3,อรัญประเทศ,loc,location_name
1156,Sentence: 3,จ.,O,NO
1157,Sentence: 3,สระแก้ว,loc,location_name
1158,Sentence: 3,"
ประธาน",O,NO
1159,Sentence: 3,องคมนตรี,O,NO
1160,Sentence: 3,ได้,O,NO
1161,Sentence: 3,สอบถาม,O,NO
1162,Sentence: 3,พล.อ.,O,front_person
1163,Sentence: 3,มงคล,O,NO
1164,Sentence: 3,อัมพรพิสิฏฐ์,O,NO
1165,Sentence: 3,ผู้,O,NO
1166,Sentence: 3,บัญชาการ,O,NO
1167,Sentence: 3,ทหาร,O,NO
1168,Sentence: 3,สูงสุด,O,NO
1169,Sentence: 3,ภายหลัง,O,NO
1170,Sentence: 3,ได้,O,NO
1171,Sentence: 3,นำ,O,NO
1172,Sentence: 3,ผู้,O,NO
1173,Sentence: 3,บัญชาการ,O,NO
1174,Sentence: 3,3,O,NO
1175,Sentence: 3,เหล่า,O,location_name
1176,Sentence: 3,ทัพ,O,NO
1177,Sentence: 3,และ,O,location_name
1178,Sentence: 3,ผู้,O,NO
1179,Sentence: 3,บัญชาการ,O,NO
1180,Sentence: 3,ตำรวจ,O,NO
1181,Sentence: 3,แห่ง,O,NO
1182,Sentence: 3,ชาติ,O,NO
1183,Sentence: 3,เข้า,O,NO
1184,Sentence: 3,ขอ,O,NO
1185,Sentence: 3,รับ,O,NO
1186,Sentence: 3,พร,O,NO
1187,Sentence: 3,และ,O,location_name
1188,Sentence: 3,รดน้ำดำหัว,O,NO
1189,Sentence: 3,พล.อ.,O,front_person
1190,Sentence: 3,เปรม,O,NO
1191,Sentence: 3,ที่,O,NO
1192,Sentence: 3,บ้าน,O,NO
1193,Sentence: 3,สี่เสาเทเวศ,O,NO
1194,Sentence: 3,"
ทั้งนี้",O,NO
1195,Sentence: 3,พล.อ.,O,front_person
1196,Sentence: 3,เปรม,O,NO
1197,Sentence: 3,ได้,O,NO
1198,Sentence: 3,ถาม,O,location_name
1199,Sentence: 3,พล.อ.,O,front_person
1200,Sentence: 3,มงคล,O,NO
1201,Sentence: 3,ถึง,O,NO
1202,Sentence: 3,กรณี,O,NO
1203,Sentence: 3,ดังกล่าว,O,NO
1204,Sentence: 3,"
ด้าน",O,NO
1205,Sentence: 3,นาย,O,front_person
1206,Sentence: 3,ชวน,per,NO
1207,Sentence: 3,หลีกภัย,O,NO
1208,Sentence: 3,นายกรัฐมนตรี,O,NO
1209,Sentence: 3,กล่าว,O,NO
1210,Sentence: 3,ว่า,O,NO
1211,Sentence: 3,เรื่อง,O,NO
1212,Sentence: 3,นี้,O,NO
1213,Sentence: 3,ม.ร.ว.,O,front_person
1214,Sentence: 3,สุขุมพันธ์,O,NO
1215,Sentence: 3,บริพัตร,O,NO
1216,Sentence: 3,รมช.,O,NO
1217,Sentence: 3,ต่าง,org_start,NO
1218,Sentence: 3,ประเทศ,org_end,NO
1219,Sentence: 3,บอก,O,NO
1220,Sentence: 3,ว่า,O,NO
1221,Sentence: 3,ได้,O,NO
1222,Sentence: 3,เคย,O,NO
1223,Sentence: 3,มี,O,NO
1224,Sentence: 3,ข้อตกลง,O,NO
1225,Sentence: 3,กัน,O,NO
1226,Sentence: 3,ว่า,O,NO
1227,Sentence: 3,บริเวณ,O,NO
1228,Sentence: 3,ชายแดน,O,NO
1229,Sentence: 3,อย่าง,O,NO
1230,Sentence: 3,นี้,O,NO
1231,Sentence: 3,จะ,O,NO
1232,Sentence: 3,ไม่,O,NO
1233,Sentence: 3,มี,O,NO
1234,Sentence: 3,การ,O,front_org
1235,Sentence: 3,ก่อสร้าง,O,NO
1236,Sentence: 3,หรือ,O,NO
1237,Sentence: 3,ถม,O,NO
1238,Sentence: 3,ดิน,O,NO
1239,Sentence: 3,เข้า,O,NO
1240,Sentence: 3,มา,O,NO
1241,Sentence: 3,"
ทั้ง",O,NO
1242,Sentence: 3,สอง,O,NO
1243,Sentence: 3,ฝ่าย,O,NO
1244,Sentence: 3,คือ,O,NO
1245,Sentence: 3,ไทย,loc,NO
1246,Sentence: 3,กับ,O,NO
1247,Sentence: 3,กัมพูชา,loc,NO
1248,Sentence: 3,ก็,O,NO
1249,Sentence: 3,เห็นพ้อง,O,NO
1250,Sentence: 3,ต้องกัน,O,NO
1251,Sentence: 3,เกี่ยวกับ,O,NO
1252,Sentence: 3,เรื่อง,O,NO
1253,Sentence: 3,นี้,O,NO
1254,Sentence: 3,"""",O,NO
1255,Sentence: 3,นายกรัฐมนตรี,O,NO
1256,Sentence: 3,ระบุ,O,NO
1257,Sentence: 3,"
นาย",O,NO
1258,Sentence: 3,ชวน,per,NO
1259,Sentence: 3,กล่าว,O,NO
1260,Sentence: 3,ว่า,O,NO
1261,Sentence: 3,ขณะนี้,O,NO
1262,Sentence: 3,มี,O,NO
1263,Sentence: 3,ความ,O,NO
1264,Sentence: 3,พยายาม,O,NO
1265,Sentence: 3,ดำเนินการ,O,NO
1266,Sentence: 3,กัน,O,NO
1267,Sentence: 3,อยู่,O,NO
1268,Sentence: 3,"
นาย",O,NO
1269,Sentence: 3,ชวน,per,NO
1270,Sentence: 3,กล่าว,O,NO
1271,Sentence: 3,ว่า,O,NO
1272,Sentence: 3,ฝั่ง,O,NO
1273,Sentence: 3,ที่,O,NO
1274,Sentence: 3,มี,O,NO
1275,Sentence: 3,ปัญหา,O,NO
1276,Sentence: 3,มาก,O,NO
1277,Sentence: 3,คือ,O,NO
1278,Sentence: 3,ทาง,O,NO
1279,Sentence: 3,กัมพูชา,loc,NO
1280,Sentence: 3,เพราะ,O,NO
1281,Sentence: 3,มี,O,NO
1282,Sentence: 3,บ่อน,O,front_org
1283,Sentence: 3,เยอะ,O,NO
1284,Sentence: 3,ความจริง,O,NO
1285,Sentence: 3,ก็,O,NO
1286,Sentence: 3,เป็น,O,NO
1287,Sentence: 3,สิทธิ์,O,NO
1288,Sentence: 3,ของ,O,NO
1289,Sentence: 3,ประเทศ,O,NO
1290,Sentence: 3,เพื่อนบ้าน,O,NO
1291,Sentence: 3,"
นาย",O,NO
1292,Sentence: 3,นาวิน,O,NO
1293,Sentence: 3,ขันธหิรัญ,O,NO
1294,Sentence: 3,ผู้ว่าราชการจังหวัด,O,NO
1295,Sentence: 3,สระแก้ว,O,location_name
1296,Sentence: 3,ยอมรับ,O,NO
1297,Sentence: 3,ว่า,O,NO
1298,Sentence: 3,การ,O,front_org
1299,Sentence: 3,ถม,O,NO
1300,Sentence: 3,ดิน,O,NO
1301,Sentence: 3,ของ,O,NO
1302,Sentence: 3,บ่อน,O,front_org
1303,Sentence: 3,คาสิโน,O,NO
1304,Sentence: 3,ใน,O,NO
1305,Sentence: 3,ฝั่ง,O,NO
1306,Sentence: 3,ปอยเปต,O,NO
1307,Sentence: 3,ต.,O,NO
1308,Sentence: 3,โอจริว,loc,NO
1309,Sentence: 3,จ.,O,NO
1310,Sentence: 3,บันเตียนเมียนเจย,O,NO
1311,Sentence: 3,ขณะนี้,O,NO
1312,Sentence: 3,ยัง,O,NO
1313,Sentence: 3,ไม่,O,NO
1314,Sentence: 3,ได้,O,NO
1315,Sentence: 3,ทับ,O,NO
1316,Sentence: 3,ลง,O,NO
1317,Sentence: 3,มา,O,NO
1318,Sentence: 3,ใน,O,NO
1319,Sentence: 3,เขตแดน,O,NO
1320,Sentence: 3,ไทย,loc,NO
1321,Sentence: 3,จริง,O,NO
1322,Sentence: 3,"
แต่",O,NO
1323,Sentence: 3,ถม,O,NO
1324,Sentence: 3,เข้า,O,NO
1325,Sentence: 3,มา,O,NO
1326,Sentence: 3,ใน,O,NO
1327,Sentence: 3,ลำคลอง,loc,location_name
1328,Sentence: 3,ซึ่ง,O,NO
1329,Sentence: 3,เป็น,O,NO
1330,Sentence: 3,เขตแดน,O,NO
1331,Sentence: 3,ที่,O,NO
1332,Sentence: 3,ใช้,O,NO
1333,Sentence: 3,ประโยชน์,O,NO
1334,Sentence: 3,ร่วม,O,NO
1335,Sentence: 3,กัน,O,NO
1336,Sentence: 3,"
ยัง",O,NO
1337,Sentence: 3,ถม,O,NO
1338,Sentence: 3,ลง,O,NO
1339,Sentence: 3,มา,O,NO
1340,Sentence: 3,ที่,O,NO
1341,Sentence: 3,เกาะ,O,NO
1342,Sentence: 3,กลาง,O,location_name
1343,Sentence: 3,ลำห้วย,O,NO
1344,Sentence: 3,ทำให้,O,NO
1345,Sentence: 3,แผ่นดิน,O,NO
1346,Sentence: 3,ที่,O,NO
1347,Sentence: 3,เป็น,O,NO
1348,Sentence: 3,แนว,O,NO
1349,Sentence: 3,กึ่งกลาง,O,NO
1350,Sentence: 3,ที่,O,NO
1351,Sentence: 3,ไทย,loc,NO
1352,Sentence: 3,-,O,NO
1353,Sentence: 3,กัมพูชา,loc,NO
1354,Sentence: 3,ใช้,O,NO
1355,Sentence: 3,ประโยชน์,O,NO
1356,Sentence: 3,ร่วม,O,NO
1357,Sentence: 3,กัน,O,NO
1358,Sentence: 3,กลายเป็น,O,NO
1359,Sentence: 3,ผืน,O,NO
1360,Sentence: 3,ดิน,O,NO
1361,Sentence: 3,ของ,O,NO
1362,Sentence: 3,กัมพูชา,loc,NO
1363,Sentence: 3,ไป,O,NO
1364,Sentence: 3,ด้วย,O,NO
1365,Sentence: 3,"
จะ",O,NO
1366,Sentence: 3,ให้,O,NO
1367,Sentence: 3,ผม,O,NO
1368,Sentence: 3,ทำ,O,NO
1369,Sentence: 3,อย่างไร,O,NO
1370,Sentence: 3,"""",O,NO
1371,Sentence: 3,ผู้ว่าราชการจังหวัด,O,NO
1372,Sentence: 3,สระแก้ว,loc,location_name
1373,Sentence: 3,กล่าว,O,NO
1374,Sentence: 3,"
เมื่อ",O,NO
1375,Sentence: 3,วัน,O,NO
1376,Sentence: 3,ที่,O,NO
1377,Sentence: 3,นายกรัฐมนตรี,O,NO
1378,Sentence: 3,เดินทาง,O,NO
1379,Sentence: 3,มา,O,NO
1380,Sentence: 3,ตรวจ,O,location_name
1381,Sentence: 3,สภาพ,O,NO
1382,Sentence: 3,ปัญหา,O,NO
1383,Sentence: 3,ใน,O,NO
1384,Sentence: 3,พื้นที่,O,NO
1385,Sentence: 3,ด้าน,O,NO
1386,Sentence: 3,คลองลึก,O,NO
1387,Sentence: 3,จ.,O,NO
1388,Sentence: 3,สระแก้ว,loc,location_name
1389,Sentence: 3,นั้น,O,NO
1390,Sentence: 3,"
ทาง",O,NO
1391,Sentence: 3,จังหวัด,O,NO
1392,Sentence: 3,ก็,O,NO
1393,Sentence: 3,ได้,O,NO
1394,Sentence: 3,รายงาน,O,NO
1395,Sentence: 3,ให้,O,NO
1396,Sentence: 3,ทราบ,O,NO
1397,Sentence: 3,แล้ว,O,NO
1398,Sentence: 3,ว่า,O,NO
1399,Sentence: 3,การ,O,front_org
1400,Sentence: 3,แก้,O,NO
1401,Sentence: 3,ปัญหา,O,NO
1402,Sentence: 3,ระดับ,O,NO
1403,Sentence: 3,จังหวัด,O,NO
1404,Sentence: 3,นั้น,O,NO
1405,Sentence: 3,มี,O,NO
1406,Sentence: 3,การ,O,front_org
1407,Sentence: 3,ประชุม,O,NO
1408,Sentence: 3,ร่วม,O,NO
1409,Sentence: 3,กัน,O,NO
1410,Sentence: 3,ระหว่าง,O,NO
1411,Sentence: 3,ไทย,loc,NO
1412,Sentence: 3,-,O,NO
1413,Sentence: 3,กัมพูชา,loc,NO
1414,Sentence: 3,เพื่อ,O,NO
1415,Sentence: 3,แก้ไข,O,NO
1416,Sentence: 3,ปัญหา,O,NO
1417,Sentence: 3,ดังกล่าว,O,NO
1418,Sentence: 3,มา,O,NO
1419,Sentence: 3,3,O,NO
1420,Sentence: 3,ครั้ง,O,NO
1421,Sentence: 3,แล้ว,O,NO
1422,Sentence: 3,แต่,O,NO
1423,Sentence: 3,ไม่,O,NO
1424,Sentence: 3,คืบหน้า,O,NO
1425,Sentence: 3,"
ถ้า",O,NO
1426,Sentence: 3,เช่นนั้น,O,NO
1427,Sentence: 3,ก็,O,NO
1428,Sentence: 3,ให้,O,NO
1429,Sentence: 3,ทาง,O,NO
1430,Sentence: 3,จังหวัด,O,NO
1431,Sentence: 3,สระแก้ว,loc,location_name
1432,Sentence: 3,ทำ,O,NO
1433,Sentence: 3,รายงาน,O,NO
1434,Sentence: 3,เสนอ,O,NO
1435,Sentence: 3,ไป,O,NO
1436,Sentence: 3,ที่,O,NO
1437,Sentence: 3,กระทรวง,O,front_org
1438,Sentence: 3,การ,org_start,front_org
1439,Sentence: 3,ต่าง,org_cont,NO
1440,Sentence: 3,ประเทศ,org_end,NO
1441,Sentence: 3,เพื่อ,O,NO
1442,Sentence: 3,แก้ไข,O,NO
1443,Sentence: 3,ปัญหา,O,NO
1444,Sentence: 3,ต่อไป,O,NO
1445,Sentence: 3,"
ใน",O,NO
1446,Sentence: 3,เดือน,O,NO
1447,Sentence: 3,พฤษภาคม,O,NO
1448,Sentence: 3,นี้,O,NO
1449,Sentence: 3,นายก,O,front_person
1450,Sentence: 3,มี,O,NO
1451,Sentence: 3,กำหนดการ,O,NO
1452,Sentence: 3,ที่,O,NO
1453,Sentence: 3,ไป,O,NO
1454,Sentence: 3,เยือน,O,NO
1455,Sentence: 3,กัมพูชา,loc,NO
1456,Sentence: 3,อย่าง,O,NO
1457,Sentence: 3,เป็น,O,NO
1458,Sentence: 3,ทางการ,O,NO
1459,Sentence: 3,ด้วย,O,NO
1460,Sentence: 3,"""",O,NO
1461,Sentence: 3,นาย,O,front_person
1462,Sentence: 3,นาวิน,per,NO
1463,Sentence: 3,กล่าว,O,NO
1464,Sentence: 3,"
แหล่ง",O,NO
1465,Sentence: 3,ข่าว,O,NO
1466,Sentence: 3,จาก,O,NO
1467,Sentence: 3,กระทรวง,O,front_org
1468,Sentence: 3,การ,org_start,front_org
1469,Sentence: 3,ต่าง,org_cont,NO
1470,Sentence: 3,ประเทศ,org_end,NO
1471,Sentence: 3,กล่าว,O,NO
1472,Sentence: 3,ว่า,O,NO
1473,Sentence: 3,การ,O,front_org
1474,Sentence: 3,ที่,O,NO
1475,Sentence: 3,นายกรัฐมนตรี,O,NO
1476,Sentence: 3,บอก,O,NO
1477,Sentence: 3,ว่า,O,NO
1478,Sentence: 3,ขณะนี้,O,NO
1479,Sentence: 3,เขมร,loc,NO
1480,Sentence: 3,ยัง,O,NO
1481,Sentence: 3,ไม่,O,NO
1482,Sentence: 3,ได้,O,NO
1483,Sentence: 3,ล้ำ,O,NO
1484,Sentence: 3,ดินแดน,O,NO
1485,Sentence: 3,ไทย,loc,NO
1486,Sentence: 3,เข้า,O,NO
1487,Sentence: 3,มา,O,NO
1488,Sentence: 3,ก็,O,NO
1489,Sentence: 3,เป็น,O,NO
1490,Sentence: 3,เรื่อง,O,NO
1491,Sentence: 3,จริง,O,NO
1492,Sentence: 3,"
การ",O,NO
1493,Sentence: 3,แก้,O,NO
1494,Sentence: 3,ปัญหา,O,NO
1495,Sentence: 3,คง,O,NO
1496,Sentence: 3,ต้อง,O,NO
1497,Sentence: 3,ใช้,O,NO
1498,Sentence: 3,เวลา,O,NO
1499,Sentence: 3,ถ้า,O,NO
1500,Sentence: 3,เขมร,loc,NO
1501,Sentence: 3,ทำ,O,NO
1502,Sentence: 3,ตามที่,O,NO
1503,Sentence: 3,รับปาก,O,NO
1504,Sentence: 3,กับ,O,NO
1505,Sentence: 3,ทาง,O,NO
1506,Sentence: 3,จังหวัด,O,NO
1507,Sentence: 3,สระแก้ว,loc,location_name
1508,Sentence: 3,ไว้,O,NO
1509,Sentence: 3,ปัญหา,O,NO
1510,Sentence: 3,ก็,O,NO
1511,Sentence: 3,จบ,O,NO
1512,Sentence: 4,นาย,O,front_person
1513,Sentence: 4,ชำนิ,per,location_name
1514,Sentence: 4,ศักดิเศรษฐ์,O,NO
1515,Sentence: 4,ใน,O,NO
1516,Sentence: 4,ฐานะ,O,NO
1517,Sentence: 4,รักษาการ,O,NO
1518,Sentence: 4,รัฐมนตรีว่าการ,O,NO
1519,Sentence: 4,กระทรวง,O,front_org
1520,Sentence: 4,มหาดไทย,org,location_name
1521,Sentence: 4,ได้,O,NO
1522,Sentence: 4,นำ,O,NO
1523,Sentence: 4,รัฐมนตรีช่วยว่าการ,O,NO
1524,Sentence: 4,กระทรวง,O,front_org
1525,Sentence: 4,มหาดไทย,org,location_name
1526,Sentence: 4,และ,O,location_name
1527,Sentence: 4,ข้าราชการ,O,NO
1528,Sentence: 4,ใน,O,NO
1529,Sentence: 4,สังกัด,O,NO
1530,Sentence: 4,กระทรวง,O,front_org
1531,Sentence: 4,มหาดไทย,org,location_name
1532,Sentence: 4,เข้า,O,NO
1533,Sentence: 4,รดน้ำ,O,NO
1534,Sentence: 4,ดำหัว,O,NO
1535,Sentence: 4,ขอ,O,NO
1536,Sentence: 4,พร,O,NO
1537,Sentence: 4,ตาม,O,NO
1538,Sentence: 4,ประเพณี,O,NO
1539,Sentence: 4,ไทย,loc,NO
1540,Sentence: 4,ต่อ,O,NO
1541,Sentence: 4,พล.อ.,O,front_person
1542,Sentence: 4,เปรม,O,NO
1543,Sentence: 4,ติณสูลานนท์,O,NO
1544,Sentence: 4,ประธาน,O,NO
1545,Sentence: 4,องคมนตรี,O,NO
1546,Sentence: 4,และ,O,location_name
1547,Sentence: 4,รัฐบุรุษ,O,NO
1548,Sentence: 4,"
โดย",O,NO
1549,Sentence: 4,มี,O,NO
1550,Sentence: 4,พล.ต.,O,front_person
1551,Sentence: 4,สนั่น,O,NO
1552,Sentence: 4,ขจรประศาสน์,O,NO
1553,Sentence: 4,อดีต,O,NO
1554,Sentence: 4,รัฐมนตรีว่าการ,O,NO
1555,Sentence: 4,กระทรวง,O,front_org
1556,Sentence: 4,มหาดไทย,org,location_name
1557,Sentence: 4,ร่วม,O,NO
1558,Sentence: 4,เดินทาง,O,NO
1559,Sentence: 4,มา,O,NO
1560,Sentence: 4,ด้วย,O,NO
1561,Sentence: 4,"
พล.อ.",O,NO
1562,Sentence: 4,เปรม,O,NO
1563,Sentence: 4,ได้,O,NO
1564,Sentence: 4,กล่าว,O,NO
1565,Sentence: 4,ขอบคุณ,O,NO
1566,Sentence: 4,ข้าราชการ,O,NO
1567,Sentence: 4,กระทรวง,O,front_org
1568,Sentence: 4,มหาดไทย,org,location_name
1569,Sentence: 4,ทุก,O,NO
1570,Sentence: 4,คน,O,NO
1571,Sentence: 4,ที่,O,NO
1572,Sentence: 4,ระลึก,O,NO
1573,Sentence: 4,ถึง,O,NO
1574,Sentence: 4,กัน,O,NO
1575,Sentence: 4,ตลอด,O,NO
1576,Sentence: 4,ทุก,O,NO
1577,Sentence: 4,ปี,O,NO
1578,Sentence: 4,"
พร้อมกับ",O,NO
1579,Sentence: 4,กล่าว,O,NO
1580,Sentence: 4,เป็น,O,NO
1581,Sentence: 4,การ,O,front_org
1582,Sentence: 4,ส่วน,O,NO
1583,Sentence: 4,ตัว,O,NO
1584,Sentence: 4,กับ,O,NO
1585,Sentence: 4,พล.ต.,O,front_person
1586,Sentence: 4,สนั่น,O,NO
1587,Sentence: 4,โดย,O,NO
1588,Sentence: 4,หยิบยก,O,NO
1589,Sentence: 4,สุภาษิต,O,NO
1590,Sentence: 4,ภาษา,O,NO
1591,Sentence: 4,อังกฤษ,loc,NO
1592,Sentence: 4,บท,O,NO
1593,Sentence: 4,หนึ่ง,O,NO
1594,Sentence: 4,มา,O,NO
1595,Sentence: 4,ให้,O,NO
1596,Sentence: 4,กำลังใจ,O,NO
1597,Sentence: 4,"
ขณะเดียวกัน",O,NO
1598,Sentence: 4,พล.อ.,O,front_person
1599,Sentence: 4,มงคล,O,NO
1600,Sentence: 4,อัมพรพิสิฏฐ์,O,NO
1601,Sentence: 4,ผู้,O,NO
1602,Sentence: 4,บัญชาการ,O,NO
1603,Sentence: 4,ทหาร,O,NO
1604,Sentence: 4,สูงสุด,O,NO
1605,Sentence: 4,นำ,O,NO
1606,Sentence: 4,ผู้,O,NO
1607,Sentence: 4,บัญชาการ,O,NO
1608,Sentence: 4,3,O,NO
1609,Sentence: 4,เหล่า,O,location_name
1610,Sentence: 4,ทัพ,O,NO
1611,Sentence: 4,และ,O,location_name
1612,Sentence: 4,ผู้,O,NO
1613,Sentence: 4,บัญชาการ,O,NO
1614,Sentence: 4,ตำรวจ,O,NO
1615,Sentence: 4,แห่ง,O,NO
1616,Sentence: 4,ชาติ,O,NO
1617,Sentence: 4,เข้า,O,NO
1618,Sentence: 4,ขอ,O,NO
1619,Sentence: 4,รับ,O,NO
1620,Sentence: 4,พร,O,NO
1621,Sentence: 4,และ,O,location_name
1622,Sentence: 4,รดน้ำ,O,NO
1623,Sentence: 4,ดำหัว,O,NO
1624,Sentence: 4,จาก,O,NO
1625,Sentence: 4,พล.อ.,O,front_person
1626,Sentence: 4,เปรม,O,NO
1627,Sentence: 4,เช่นกัน,O,NO
1628,Sentence: 4,"
โดย",O,NO
1629,Sentence: 4,ผบ.สส.,org,NO
1630,Sentence: 4,ได้,O,NO
1631,Sentence: 4,กล่าว,O,NO
1632,Sentence: 4,แสดง,O,NO
1633,Sentence: 4,ความ,O,NO
1634,Sentence: 4,ชื่นชม,O,location_name
1635,Sentence: 4,ที่,O,NO
1636,Sentence: 4,พล.อ.,O,front_person
1637,Sentence: 4,เปรม,O,NO
1638,Sentence: 4,มี,O,NO
1639,Sentence: 4,ความ,O,NO
1640,Sentence: 4,ห่วงใย,O,NO
1641,Sentence: 4,ให้,O,NO
1642,Sentence: 4,ข้อคิดเห็น,O,NO
1643,Sentence: 4,ใน,O,NO
1644,Sentence: 4,การ,O,front_org
1645,Sentence: 4,ปฏิบัติ,O,NO
1646,Sentence: 4,หน้าที่,O,NO
1647,Sentence: 4,ราชการ,O,NO
1648,Sentence: 4,"
ใน",O,NO
1649,Sentence: 4,โอกาส,O,NO
1650,Sentence: 4,นี้,O,NO
1651,Sentence: 4,พล.อ.,O,front_person
1652,Sentence: 4,เปรม,O,NO
1653,Sentence: 4,ได้,O,NO
1654,Sentence: 4,กล่าว,O,NO
1655,Sentence: 4,ขอบคุณ,O,NO
1656,Sentence: 4,ที่,O,NO
1657,Sentence: 4,ทุก,O,NO
1658,Sentence: 4,คน,O,NO
1659,Sentence: 4,ปฏิบัติ,O,NO
1660,Sentence: 4,เช่นนี้,O,NO
1661,Sentence: 4,มา,O,NO
1662,Sentence: 4,อย่าง,O,NO
1663,Sentence: 4,ต่อเนื่อง,O,NO
1664,Sentence: 4,"
ไม่",O,NO
1665,Sentence: 4,ทราบ,O,NO
1666,Sentence: 4,ว่า,O,NO
1667,Sentence: 4,หมง,O,NO
1668,Sentence: 4,),O,NO
1669,Sentence: 4,ก็ดี,O,NO
1670,Sentence: 4,แอ๊ด,O,NO
1671,Sentence: 4,จุลานนท์,org_start,NO
1672,Sentence: 4,ผบ.ทบ.,org_end,NO
1673,Sentence: 4,),O,NO
1674,Sentence: 4,ก็ดี,O,NO
1675,Sentence: 4,"
ธีระ",O,NO
1676,Sentence: 4,ห้าวเจริญ,O,NO
1677,Sentence: 4,ผบ.ทร.,O,NO
1678,Sentence: 4,),O,NO
1679,Sentence: 4,สนั่น,O,NO
1680,Sentence: 4,ทั่วทิพย์,org_start,NO
1681,Sentence: 4,ผบ.ทอ.,org_end,NO
1682,Sentence: 4,),O,NO
1683,Sentence: 4,หรือ,O,NO
1684,Sentence: 4,ประชา,O,NO
1685,Sentence: 4,พรหมนอก,O,NO
1686,Sentence: 4,ผบ.ตร.,O,NO
1687,Sentence: 4,),O,NO
1688,Sentence: 4,ก็ดี,O,NO
1689,Sentence: 4,มองเห็น,O,NO
1690,Sentence: 4,หรือเปล่า,O,NO
1691,Sentence: 4,ว่า,O,NO
1692,Sentence: 4,เป้าหมาย,O,NO
1693,Sentence: 4,ที่,O,NO
1694,Sentence: 4,เรา,O,NO
1695,Sentence: 4,จะ,O,NO
1696,Sentence: 4,พัฒนา,O,NO
1697,Sentence: 4,กองทัพ,O,NO
1698,Sentence: 4,ให้,O,NO
1699,Sentence: 4,ช่วยเหลือ,O,NO
1700,Sentence: 4,ประชาชน,O,NO
1701,Sentence: 4,ช่วย,O,NO
1702,Sentence: 4,กัน,O,NO
1703,Sentence: 4,ปกป้อง,O,NO
1704,Sentence: 4,บ้านเมือง,O,NO
1705,Sentence: 4,ให้,O,NO
1706,Sentence: 4,บรรลุ,O,NO
1707,Sentence: 4,เป้าหมาย,O,NO
1708,Sentence: 4,ได้,O,NO
1709,Sentence: 4,หรือไม่,O,NO
1710,Sentence: 4,"
พล.อ.",O,NO
1711,Sentence: 4,เปรม,per,NO
1712,Sentence: 4,กล่าว,O,NO
1713,Sentence: 4,"
ผู้",O,NO
1714,Sentence: 4,สื่อ,O,NO
1715,Sentence: 4,ข่าว,O,NO
1716,Sentence: 4,รายงาน,O,NO
1717,Sentence: 4,ว่า,O,NO
1718,Sentence: 4,ก่อนหน้า,O,NO
1719,Sentence: 4,นี้,O,NO
1720,Sentence: 4,พล.อ.,O,front_person
1721,Sentence: 4,มงคล,O,NO
1722,Sentence: 4,ได้,O,NO
1723,Sentence: 4,นำ,O,NO
1724,Sentence: 4,ผู้,O,NO
1725,Sentence: 4,บัญชาการ,O,NO
1726,Sentence: 4,3,O,NO
1727,Sentence: 4,เหล่า,O,location_name
1728,Sentence: 4,ทัพ,O,NO
1729,Sentence: 4,และ,O,location_name
1730,Sentence: 4,ผู้,O,NO
1731,Sentence: 4,บัญชาการ,O,NO
1732,Sentence: 4,ตำรวจ,O,NO
1733,Sentence: 4,แห่ง,O,NO
1734,Sentence: 4,ชาติ,O,NO
1735,Sentence: 4,เข้า,O,NO
1736,Sentence: 4,ขอ,O,NO
1737,Sentence: 4,รับ,O,NO
1738,Sentence: 4,พร,O,NO
1739,Sentence: 4,และ,O,location_name
1740,Sentence: 4,รดน้ำดำหัว,O,NO
1741,Sentence: 4,นาย,O,front_person
1742,Sentence: 4,ชวน,per,NO
1743,Sentence: 4,หลีกภัย,O,NO
1744,Sentence: 4,นายกรัฐมนตรี,O,NO
1745,Sentence: 4,และ,O,location_name
1746,Sentence: 4,รัฐมนตรีว่าการ,O,NO
1747,Sentence: 4,กระทรวง,O,front_org
1748,Sentence: 4,กลาโหม,org,NO
1749,Sentence: 4,"
และ",O,NO
1750,Sentence: 4,พล.อ.,O,front_person
1751,Sentence: 4,วัฒนชัย,O,NO
1752,Sentence: 4,วุฒิศิริ,O,NO
1753,Sentence: 4,รัฐมนตรีช่วยว่าการ,O,NO
1754,Sentence: 4,กระทรวง,O,front_org
1755,Sentence: 4,กลาโหม,org,NO
1756,Sentence: 5,ศาล,O,front_org
1757,Sentence: 5,รัฐธรรมนูญ,O,NO
1758,Sentence: 5,องค์กร,O,front_org
1759,Sentence: 5,อิสระ,O,NO
1760,Sentence: 5,ชี้ขาด,O,NO
1761,Sentence: 5,ปัญหา,O,NO
1762,Sentence: 5,การ,O,front_org
1763,Sentence: 5,ใช้,O,NO
1764,Sentence: 5,กฎหมาย,O,NO
1765,Sentence: 5,ของ,O,NO
1766,Sentence: 5,องค์กร,O,front_org
1767,Sentence: 5,ตาม,O,NO
1768,Sentence: 5,รัฐธรรมนูญ,O,NO
1769,Sentence: 5,ซึ่ง,O,NO
1770,Sentence: 5,ครบ,O,NO
1771,Sentence: 5,รอบ,O,NO
1772,Sentence: 5,เปิด,O,NO
1773,Sentence: 5,ทำการ,O,NO
1774,Sentence: 5,2,O,NO
1775,Sentence: 5,ปี,O,NO
1776,Sentence: 5,วันนี้,O,NO
1777,Sentence: 5,"
ผู้",O,NO
1778,Sentence: 5,สื่อ,O,NO
1779,Sentence: 5,ข่าว,O,NO
1780,Sentence: 5,รายงาน,O,NO
1781,Sentence: 5,ว่า,O,NO
1782,Sentence: 5,วานนี้,O,NO
1783,Sentence: 5,นาย,O,front_person
1784,Sentence: 5,ประเสริฐ,per_start,NO
1785,Sentence: 5,นาสกุล,per_end,NO
1786,Sentence: 5,ประธาน,O,NO
1787,Sentence: 5,ศาล,O,front_org
1788,Sentence: 5,รัฐธรรมนูญ,O,NO
1789,Sentence: 5,พร้อม,O,NO
1790,Sentence: 5,ด้วย,O,NO
1791,Sentence: 5,ตุลาการ,O,NO
1792,Sentence: 5,ศาล,O,front_org
1793,Sentence: 5,รัฐธรรมนูญ,org,NO
1794,Sentence: 5,และ,O,location_name
1795,Sentence: 5,ข้าราชการ,O,NO
1796,Sentence: 5,ของ,O,NO
1797,Sentence: 5,ศาล,O,front_org
1798,Sentence: 5,รัฐธรรมนูญ,O,NO
1799,Sentence: 5,ได้,O,NO
1800,Sentence: 5,ร่วม,O,NO
1801,Sentence: 5,ใน,O,NO
1802,Sentence: 5,พิธี,O,NO
1803,Sentence: 5,ทำบุญ,O,NO
1804,Sentence: 5,ตักบาตร,O,NO
1805,Sentence: 5,เพื่อ,O,NO
1806,Sentence: 5,เป็น,O,NO
1807,Sentence: 5,ศิริมงคล,O,NO
1808,Sentence: 5,เนื่องใน,O,NO
1809,Sentence: 5,โอกาส,O,NO
1810,Sentence: 5,ศาล,O,front_org
1811,Sentence: 5,รัฐธรรมนูญ,O,NO
1812,Sentence: 5,เปิด,O,NO
1813,Sentence: 5,ทำการ,O,NO
1814,Sentence: 5,ครบ,O,NO
1815,Sentence: 5,รอบ,O,NO
1816,Sentence: 5,2,O,NO
1817,Sentence: 5,ปี,O,NO
1818,Sentence: 5,"
นาย",O,NO
1819,Sentence: 5,ประเสริฐ,O,NO
1820,Sentence: 5,พร้อม,O,NO
1821,Sentence: 5,ด้วย,O,NO
1822,Sentence: 5,ตุลาการ,O,NO
1823,Sentence: 5,ศาล,O,front_org
1824,Sentence: 5,รัฐธรรมนูญ,O,NO
1825,Sentence: 5,ได้,O,NO
1826,Sentence: 5,ร่วม,O,NO
1827,Sentence: 5,กัน,O,NO
1828,Sentence: 5,แถลง,O,NO
1829,Sentence: 5,ผล,O,NO
1830,Sentence: 5,การ,O,front_org
1831,Sentence: 5,ดำเนินงาน,O,NO
1832,Sentence: 5,ใน,O,NO
1833,Sentence: 5,รอบ,O,NO
1834,Sentence: 5,2,O,NO
1835,Sentence: 5,ปี,O,NO
1836,Sentence: 5,ที่,O,NO
1837,Sentence: 5,ผ่าน,O,NO
1838,Sentence: 5,มา,O,NO
1839,Sentence: 5,ว่า,O,NO
1840,Sentence: 5,"
ขณะนี้",O,NO
1841,Sentence: 5,มี,O,NO
1842,Sentence: 5,เรื่อง,O,NO
1843,Sentence: 5,ที่,O,NO
1844,Sentence: 5,ค้าง,O,NO
1845,Sentence: 5,อยู่,O,NO
1846,Sentence: 5,ใน,O,NO
1847,Sentence: 5,การ,O,front_org
1848,Sentence: 5,พิจารณา,O,NO
1849,Sentence: 5,ของ,O,NO
1850,Sentence: 5,ศาล,O,front_org
1851,Sentence: 5,รัฐธรรมนูญ,O,NO
1852,Sentence: 5,"
กรณี",O,NO
1853,Sentence: 5,นาย,O,front_person
1854,Sentence: 5,จิรายุ,per,NO
1855,Sentence: 5,จรัสเสถียร,O,NO
1856,Sentence: 5,อดีต,O,NO
1857,Sentence: 5,เลขานุการ,O,NO
1858,Sentence: 5,นาย,O,front_person
1859,Sentence: 5,ธีระวัฒน์,per,NO
1860,Sentence: 5,ศิริวรรณสาร,O,NO
1861,Sentence: 5,อดีต,O,NO
1862,Sentence: 5,รมช.,O,NO
1863,Sentence: 5,สาธารณสุข,org,NO
1864,Sentence: 5,"
ซึ่ง",O,NO
1865,Sentence: 5,ปปช.,org,NO
1866,Sentence: 5,มี,O,NO
1867,Sentence: 5,มติ,O,NO
1868,Sentence: 5,ว่า,O,NO
1869,Sentence: 5,ยื่น,O,NO
1870,Sentence: 5,แสดง,O,NO
1871,Sentence: 5,บัญชี,O,NO
1872,Sentence: 5,เป็น,O,NO
1873,Sentence: 5,เท็จ,O,NO
1874,Sentence: 5,ศาล,O,front_org
1875,Sentence: 5,จะ,O,NO
1876,Sentence: 5,พิจารณา,O,NO
1877,Sentence: 5,ใน,O,NO
1878,Sentence: 5,วันที่,O,NO
1879,Sentence: 5,18,O,NO
1880,Sentence: 5,เม.ย.,O,NO
1881,Sentence: 5,นี้,O,NO
1882,Sentence: 5,"
นาย",O,NO
1883,Sentence: 5,ประเสริฐ,O,NO
1884,Sentence: 5,กล่าว,O,NO
1885,Sentence: 5,ว่า,O,NO
1886,Sentence: 5,ทราบ,O,NO
1887,Sentence: 5,เป็น,O,NO
1888,Sentence: 5,การ,O,front_org
1889,Sentence: 5,ภายใน,O,NO
1890,Sentence: 5,ว่า,O,NO
1891,Sentence: 5,จะ,O,NO
1892,Sentence: 5,มี,O,NO
1893,Sentence: 5,การ,O,front_org
1894,Sentence: 5,ส่ง,O,NO
1895,Sentence: 5,เรื่อง,O,NO
1896,Sentence: 5,มา,O,NO
1897,Sentence: 5,ให้,O,NO
1898,Sentence: 5,ศาล,O,front_org
1899,Sentence: 5,รัฐธรรมนูญ,O,NO
1900,Sentence: 5,ภายใน,O,NO
1901,Sentence: 5,2,O,NO
1902,Sentence: 5,-,O,NO
1903,Sentence: 5,3,O,NO
1904,Sentence: 5,วันนี้,O,NO
1905,Sentence: 5,"
ด้าน",O,NO
1906,Sentence: 5,นาย,O,front_person
1907,Sentence: 5,อุระ,per,NO
1908,Sentence: 5,หวังอ้อมกลาง,O,NO
1909,Sentence: 5,ตุลาการ,O,NO
1910,Sentence: 5,ศาล,O,front_org
1911,Sentence: 5,รัฐธรรมนูญ,org,NO
1912,Sentence: 5,กล่าว,O,NO
1913,Sentence: 5,ว่า,O,NO
1914,Sentence: 5,"
ตั้งแต่",O,NO
1915,Sentence: 5,ศาล,O,front_org
1916,Sentence: 5,รัฐธรรมนูญ,O,NO
1917,Sentence: 5,เปิด,O,NO
1918,Sentence: 5,ทำการ,O,NO
1919,Sentence: 5,มา,O,NO
1920,Sentence: 5,จนถึง,O,NO
1921,Sentence: 5,วันที่,O,NO
1922,Sentence: 5,5,O,NO
1923,Sentence: 5,เม.ย.,O,NO
1924,Sentence: 5,2543,O,NO
1925,Sentence: 5,มี,O,NO
1926,Sentence: 5,เรื่อง,O,NO
1927,Sentence: 5,ที่,O,NO
1928,Sentence: 5,ส่ง,O,NO
1929,Sentence: 5,ให้,O,NO
1930,Sentence: 5,ศาล,O,front_org
1931,Sentence: 5,รัฐธรรมนูญ,O,NO
1932,Sentence: 5,วินิจฉัย,O,NO
1933,Sentence: 5,151,O,NO
1934,Sentence: 5,เรื่อง,O,NO
1935,Sentence: 5,"
ซึ่ง",O,NO
1936,Sentence: 5,ศาล,O,front_org
1937,Sentence: 5,รัฐธรรมนูญ,O,NO
1938,Sentence: 5,รับ,O,NO
1939,Sentence: 5,ไว้,O,NO
1940,Sentence: 5,พิจารณา,O,NO
1941,Sentence: 5,และ,O,location_name
1942,Sentence: 5,ดำเนินการ,O,NO
1943,Sentence: 5,เสร็จ,O,NO
1944,Sentence: 5,แล้ว,O,NO
1945,Sentence: 5,90,O,NO
1946,Sentence: 5,เรื่อง,O,NO
1947,Sentence: 5,"
การ",O,NO
1948,Sentence: 5,วินิจฉัย,O,NO
1949,Sentence: 5,เกี่ยวกับ,O,NO
1950,Sentence: 5,หนังสือ,O,NO
1951,Sentence: 5,แจ้งความ,O,NO
1952,Sentence: 5,จำนง,O,NO
1953,Sentence: 5,ขอรับ,O,NO
1954,Sentence: 5,ความ,O,NO
1955,Sentence: 5,ช่วยเหลือ,O,NO
1956,Sentence: 5,ทาง,O,NO
1957,Sentence: 5,วิชาการ,O,NO
1958,Sentence: 5,และ,O,location_name
1959,Sentence: 5,การเงิน,O,NO
1960,Sentence: 5,ที่,O,NO
1961,Sentence: 5,รัฐ,O,NO
1962,Sentence: 5,มี,O,NO
1963,Sentence: 5,ไป,O,NO
1964,Sentence: 5,ถึง,O,NO
1965,Sentence: 5,กองทุน,O,front_org
1966,Sentence: 5,การเงิน,O,NO
1967,Sentence: 5,ระหว่าง,O,NO
1968,Sentence: 5,ประเทศ,O,NO
1969,Sentence: 5,"
ซึ่ง",O,NO
1970,Sentence: 5,ส่วนใหญ่,O,NO
1971,Sentence: 5,เป็น,O,NO
1972,Sentence: 5,คดี,O,NO
1973,Sentence: 5,เกี่ยวกับ,O,NO
1974,Sentence: 5,การ,O,front_org
1975,Sentence: 5,ที่,O,NO
1976,Sentence: 5,ธนาคาร,O,NO
1977,Sentence: 5,พาณิชย์,O,NO
1978,Sentence: 5,คิด,O,NO
1979,Sentence: 5,ดอกเบี้ย,O,NO
1980,Sentence: 5,ตาม,O,NO
1981,Sentence: 5,ประกาศ,O,NO
1982,Sentence: 5,ธนาคาร,O,NO
1983,Sentence: 5,แห่ง,org_start,NO
1984,Sentence: 5,ประเทศ,org_cont,NO
1985,Sentence: 5,ไทย,org_end,NO
1986,Sentence: 5,"
ซึ่ง",O,NO
1987,Sentence: 5,ไม่,O,NO
1988,Sentence: 5,อยู่,O,NO
1989,Sentence: 5,ใน,O,NO
1990,Sentence: 5,อำนาจ,O,location_name
1991,Sentence: 5,ของ,O,NO
1992,Sentence: 5,ศาล,O,front_org
1993,Sentence: 5,รัฐธรรมนูญ,O,NO
1994,Sentence: 5,ที่,O,NO
1995,Sentence: 5,จะ,O,NO
1996,Sentence: 5,พิจารณา,O,NO
1997,Sentence: 5,วินิจฉัย,O,NO
1998,Sentence: 5,"
นอกจากนั้น",O,NO
1999,Sentence: 5,เป็น,O,NO
2000,Sentence: 5,การ,O,front_org
2001,Sentence: 5,พิจารณา,O,NO
2002,Sentence: 5,เรื่อง,O,NO
2003,Sentence: 5,อื่นๆ,O,NO
2004,Sentence: 5,อาทิ,O,NO
2005,Sentence: 5,การ,O,front_org
2006,Sentence: 5,ยุบ,O,NO
2007,Sentence: 5,พรรค,O,NO
2008,Sentence: 5,การเมือง,O,NO
2009,Sentence: 5,การ,O,front_org
2010,Sentence: 5,วินิจฉัย,O,NO
2011,Sentence: 5,ชี้ขาด,O,NO
2012,Sentence: 5,ประเด็น,O,NO
2013,Sentence: 5,ทาง,O,NO
2014,Sentence: 5,การเมือง,O,NO
2015,Sentence: 5,"
โดย",O,NO
2016,Sentence: 5,มี,O,NO
2017,Sentence: 5,เรื่อง,O,NO
2018,Sentence: 5,สำคัญ,O,NO
2019,Sentence: 5,ประกอบด้วย,O,NO
2020,Sentence: 5,การ,O,front_org
2021,Sentence: 5,วินิจฉัย,O,NO
2022,Sentence: 5,สมาชิกภาพ,O,NO
2023,Sentence: 5,ของ,O,NO
2024,Sentence: 5,นาย,O,front_person
2025,Sentence: 5,ชาญชัย,per,NO
2026,Sentence: 5,อิสระเสนารักษ์,O,NO
2027,Sentence: 5,อดีต,O,NO
2028,Sentence: 5,ส.ส.,O,NO
2029,Sentence: 5,นครนายก,O,location_name
2030,Sentence: 5,พรรค,O,NO
2031,Sentence: 5,ประชาธิปัตย์,org,location_name
2032,Sentence: 5,"
การ",O,NO
2033,Sentence: 5,วินิจฉัย,O,NO
2034,Sentence: 5,สถานภาพ,O,NO
2035,Sentence: 5,ของ,O,NO
2036,Sentence: 5,รัฐมนตรี,O,front_person
2037,Sentence: 5,นาย,O,front_person
2038,Sentence: 5,เนวิน,per,NO
2039,Sentence: 5,ชิดชอบ,O,NO
2040,Sentence: 5,รมช.,O,NO
2041,Sentence: 5,เกษตร,org_start,NO
2042,Sentence: 5,ฯ,org_end,NO
2043,Sentence: 5,"
การ",O,NO
2044,Sentence: 5,วินิจฉัย,O,NO
2045,Sentence: 5,กรณี,O,NO
2046,Sentence: 5,ไม่,O,NO
2047,Sentence: 5,ยื่น,O,NO
2048,Sentence: 5,บัญชี,O,NO
2049,Sentence: 5,แสดง,O,NO
2050,Sentence: 5,รายการ,O,NO
2051,Sentence: 5,ทรัพย์สิน,O,NO
2052,Sentence: 5,และ,O,location_name
2053,Sentence: 5,หนี้สิน,O,NO
2054,Sentence: 5,ของ,O,NO
2055,Sentence: 5,นาย,O,front_person
2056,Sentence: 5,อนันต์,per_start,NO
2057,Sentence: 5,ศวัสตนานนท์,per_end,NO
2058,Sentence: 5,นาย,O,front_person
2059,Sentence: 5,ชัชชัย,per,NO
2060,Sentence: 5,สุเมธโชติเมธา,O,NO
2061,Sentence: 5,และ,O,location_name
2062,Sentence: 5,นาย,O,front_person
2063,Sentence: 5,สุขุม,O,NO
2064,Sentence: 5,เชิดชื่น,O,NO
2065,Sentence: 5,สมาชิก,O,location_name
2066,Sentence: 5,วุฒิสภา,O,NO
2067,Sentence: 5,เป็นต้น,O,NO
2068,Sentence: 5,"
วัน",O,NO
2069,Sentence: 5,เดียวกัน,O,NO
2070,Sentence: 5,นี้,O,NO
2071,Sentence: 5,นาย,O,front_person
2072,Sentence: 5,สุเทพ,per_start,location_name
2073,Sentence: 5,เทือกสุบรรณ,per_end,NO
2074,Sentence: 5,รมว.,O,NO
2075,Sentence: 5,คมนาคม,org,NO
2076,Sentence: 5,ได้,O,NO
2077,Sentence: 5,เข้าให้,O,NO
2078,Sentence: 5,ถ้อยคำ,O,NO
2079,Sentence: 5,ต่อ,O,NO
2080,Sentence: 5,คณะ,O,front_org
2081,Sentence: 5,อนุกรรมการ,org_start,NO
2082,Sentence: 5,ป้องกัน,org_cont,NO
2083,Sentence: 5,และ,org_cont,location_name
2084,Sentence: 5,ปราบปราม,org_cont,NO
2085,Sentence: 5,การ,org_cont,front_org
2086,Sentence: 5,ทุจริต,org_cont,NO
2087,Sentence: 5,แห่ง,org_cont,NO
2088,Sentence: 5,ชาติ,org_end,NO
2089,Sentence: 5,),O,NO
2090,Sentence: 5,"
ซึ่ง",O,NO
2091,Sentence: 5,มี,O,NO
2092,Sentence: 5,นาย,O,front_person
2093,Sentence: 5,ณัฏฐ์,per,NO
2094,Sentence: 5,ศรีวิหค,O,NO
2095,Sentence: 5,เป็น,O,NO
2096,Sentence: 5,ประธาน,O,NO
2097,Sentence: 5,ใน,O,NO
2098,Sentence: 5,โครงการ,O,NO
2099,Sentence: 5,ติดตั้ง,O,NO
2100,Sentence: 5,อุปกรณ์,O,NO
2101,Sentence: 5,สื่อ,O,NO
2102,Sentence: 5,สัญญาณ,O,NO
2103,Sentence: 5,ความเร็ว,O,NO
2104,Sentence: 5,สูง,O,NO
2105,Sentence: 5,หรือ,O,NO
2106,Sentence: 5,เอสดีเฮช,O,NO
2107,Sentence: 5,ของ,O,NO
2108,Sentence: 5,กระทรวง,O,front_org
2109,Sentence: 5,คมนาคม,org,NO
2110,Sentence: 5,"
ที่",O,NO
2111,Sentence: 5,ฝ่าย,O,NO
2112,Sentence: 5,ค้าน,O,NO
2113,Sentence: 5,ยื่น,O,NO
2114,Sentence: 5,เรื่อง,O,NO
2115,Sentence: 5,ให้,O,NO
2116,Sentence: 5,ปปช.,org,NO
2117,Sentence: 5,ตรวจสอบ,O,NO
2118,Sentence: 5,"
นาย",O,NO
2119,Sentence: 5,สุเทพ,per,location_name
2120,Sentence: 5,กล่าว,O,NO
2121,Sentence: 5,ว่า,O,NO
2122,Sentence: 5,หลังจากที่,O,NO
2123,Sentence: 5,ใน,O,NO
2124,Sentence: 5,วันที่,O,NO
2125,Sentence: 5,3,O,NO
2126,Sentence: 5,เม.ย.,O,NO
2127,Sentence: 5,ที่,O,NO
2128,Sentence: 5,ผ่าน,O,NO
2129,Sentence: 5,มา,O,NO
2130,Sentence: 5,"
ปปช.",org,NO
2131,Sentence: 5,ได้,O,NO
2132,Sentence: 5,เชิญ,O,NO
2133,Sentence: 5,มา,O,NO
2134,Sentence: 5,รับทราบ,O,NO
2135,Sentence: 5,ข้อ,O,NO
2136,Sentence: 5,กล่าวหา,O,NO
2137,Sentence: 5,อย่าง,O,NO
2138,Sentence: 5,เป็น,O,NO
2139,Sentence: 5,ทางการ,O,NO
